Fetching 4 files:   0%|          | 0/4 [00:00<?, ?it/s]Fetching 4 files: 100%|██████████| 4/4 [00:00<00:00, 2207.82it/s]
K2MXI1_TRYCR: Predicted ERROR, probability : 0.8525
K1RU52_CRAGI: Predicted ERROR, probability : 0.6813
I3LB57_PIG: Predicted CORRECT, probability : 0.2992
BBS5_HUMAN: Predicted CORRECT, probability : 0.4687
K2NW30_TRYCR: Predicted CORRECT, probability : 0.3822
L5KA36_PTEAL: Predicted CORRECT, probability : 0.4177
H3CI58_TETNG: Predicted CORRECT, probability : 0.2946
F6VW47_MACMU: Predicted CORRECT, probability : 0.4896
A0A0P7WKC5_9TELE: Predicted CORRECT, probability : 0.3281
H0WJQ5_OTOGA: Predicted CORRECT, probability : 0.2866
G0NZF3_CAEBE: Predicted CORRECT, probability : 0.1618
A0A096MP50_PAPAN: Predicted ERROR, probability : 0.9902
L5JTT8_PTEAL: Predicted CORRECT, probability : 0.2636
F6PJY2_HORSE: Predicted ERROR, probability : 0.9339
A0A194Q979_PAPXU: Predicted ERROR, probability : 0.9713
F1Q1T8_CANLF: Predicted ERROR, probability : 0.5130
G1TZP3_RABIT: Predicted CORRECT, probability : 0.1275
A0A078B9U9_STYLE: Predicted ERROR, probability : 0.8984
V5D873_TRYCR: Predicted ERROR, probability : 0.5404
G1S9G6_NOMLE: Predicted CORRECT, probability : 0.2274
H2MKU8_ORYLA: Predicted ERROR, probability : 0.5505
H2PQU8_PONAB: Predicted ERROR, probability : 0.7835
TTC8_MOUSE: Predicted CORRECT, probability : 0.4325
A4H4J1_LEIBR: Predicted ERROR, probability : 0.5875
A0A0Q3P3K1_AMAAE: Predicted ERROR, probability : 0.9983
Q381Z0_TRYB2: Predicted CORRECT, probability : 0.2714
W5M531_LEPOC: Predicted CORRECT, probability : 0.2000
I1FIZ6_AMPQE: Predicted ERROR, probability : 0.5928
C3YE92_BRAFL: Predicted CORRECT, probability : 0.1422
G4YN09_PHYSP: Predicted CORRECT, probability : 0.3814
A0A0N5D665_THECL: Predicted ERROR, probability : 0.8354
B1WC73_RAT: Predicted CORRECT, probability : 0.1691
D6W797_TRICA: Predicted CORRECT, probability : 0.4451
E1BXI4_CHICK: Predicted CORRECT, probability : 0.2207
G7Q158_MACFA: Predicted CORRECT, probability : 0.4913
M4AG44_XIPMA: Predicted CORRECT, probability : 0.1608
TTC8_HUMAN: Predicted ERROR, probability : 0.8245
A0A0M9A2F4_9HYME: Predicted ERROR, probability : 0.6003
F9WK42_TRYCI: Predicted ERROR, probability : 0.5834
G1KJQ1_ANOCA: Predicted ERROR, probability : 0.5387
W2RGR2_PHYPN: Predicted ERROR, probability : 0.5130
L5MA12_MYODS: Predicted CORRECT, probability : 0.2646
G5C4B2_HETGA: Predicted ERROR, probability : 0.6483
B4Q641_DROSI: Predicted ERROR, probability : 0.6712
A4I587_LEIIN: Predicted ERROR, probability : 0.5914
G3QMT8_GORGO: Predicted CORRECT, probability : 0.1500
C3YH99_BRAFL: Predicted CORRECT, probability : 0.1380
A0A0S4KLB5_BODSA: Predicted ERROR, probability : 0.5654
D7G3Y7_ECTSI: Predicted CORRECT, probability : 0.4801
D2VQK4_NAEGR: Predicted CORRECT, probability : 0.2026
B4LHK4_DROVI: Predicted ERROR, probability : 0.9678
B3MGG0_DROAN: Predicted CORRECT, probability : 0.1219
A0A061J9H1_TRYRA: Predicted CORRECT, probability : 0.4414
H3CW16_TETNG: Predicted CORRECT, probability : 0.3390
A0A074ZZC8_9TREM: Predicted ERROR, probability : 0.9717
Q7Q1T6_ANOGA: Predicted CORRECT, probability : 0.1714
TTC8_CAEEL: Predicted ERROR, probability : 0.9360
W2Q6I6_PHYPN: Predicted ERROR, probability : 0.9910
M3W9S7_FELCA: Predicted CORRECT, probability : 0.2354
A0A158NWD1_ATTCE: Predicted ERROR, probability : 0.6119
S9W7J6_9TRYP: Predicted ERROR, probability : 0.6378
A0A067REY3_ZOONE: Predicted CORRECT, probability : 0.2821
A0A0N1IJK5_LEPSE: Predicted CORRECT, probability : 0.4216
A0A0L7R3T5_9HYME: Predicted ERROR, probability : 0.6344
I7LWB4_TETTS: Predicted ERROR, probability : 0.7456
CH037_BOVIN: Predicted ERROR, probability : 0.5294
W6L8P3_9TRYP: Predicted ERROR, probability : 0.7224
B4QJX6_DROSI: Predicted CORRECT, probability : 0.4534
M4A7P2_XIPMA: Predicted CORRECT, probability : 0.2885
H9JGR5_BOMMO: Predicted ERROR, probability : 0.7293
A0A061J9B9_TRYRA: Predicted CORRECT, probability : 0.4582
A0A0J7KYW6_LASNI: Predicted ERROR, probability : 0.7253
H2PT77_PONAB: Predicted CORRECT, probability : 0.4097
E9ADL1_LEIMA: Predicted CORRECT, probability : 0.4938
W5LTX0_ASTMX: Predicted CORRECT, probability : 0.4776
E4X424_OIKDI: Predicted ERROR, probability : 0.6546
S7PF38_MYOBR: Predicted ERROR, probability : 0.7355
G3STK5_LOXAF: Predicted CORRECT, probability : 0.3342
A0A026WF71_CERBI: Predicted ERROR, probability : 0.6352
W4FRY5_9STRA: Predicted CORRECT, probability : 0.1132
K1P4M1_CRAGI: Predicted ERROR, probability : 0.6707
F6QF28_MONDO: Predicted CORRECT, probability : 0.1533
G1PSK0_MYOLU: Predicted CORRECT, probability : 0.2825
BBIP1_NEMVE: Predicted CORRECT, probability : 0.4815
A0A0M8ZZ34_9HYME: Predicted CORRECT, probability : 0.4394
M3WGL7_FELCA: Predicted CORRECT, probability : 0.2904
W2TZ29_NECAM: Predicted ERROR, probability : 0.9572
H2MRS1_ORYLA: Predicted ERROR, probability : 0.5266
B0X1U1_CULQU: Predicted ERROR, probability : 0.5045
A4HVW2_LEIIN: Predicted ERROR, probability : 0.6237
F7I023_CALJA: Predicted ERROR, probability : 0.7287
W5NLE0_LEPOC: Predicted CORRECT, probability : 0.3986
L5K3B6_PTEAL: Predicted ERROR, probability : 0.8938
A0A0N0P2P9_LEPSE: Predicted ERROR, probability : 0.7273
H2NBL0_PONAB: Predicted ERROR, probability : 0.7944
T0Q4Q9_9STRA: Predicted CORRECT, probability : 0.3653
A0A067CLP2_SAPPC: Predicted ERROR, probability : 0.5478
B4MJU3_DROWI: Predicted CORRECT, probability : 0.4731
G3NNG6_GASAC: Predicted ERROR, probability : 0.5113
D0NIV2_PHYIT: Predicted ERROR, probability : 0.9639
A0A087Y3I8_POEFO: Predicted ERROR, probability : 0.5574
E1BHJ5_BOVIN: Predicted CORRECT, probability : 0.1178
A7RRK9_NEMVE: Predicted ERROR, probability : 0.9573
G1SEN4_RABIT: Predicted CORRECT, probability : 0.4994
C1N892_MICPC: Predicted ERROR, probability : 0.9684
B4HV21_DROSE: Predicted CORRECT, probability : 0.4302
G1KRM1_ANOCA: Predicted ERROR, probability : 0.8337
H0WCG0_CAVPO: Predicted CORRECT, probability : 0.2939
F6TJD2_ORNAN: Predicted CORRECT, probability : 0.1484
G1KIP3_ANOCA: Predicted CORRECT, probability : 0.0893
Q4DFM2_TRYCC: Predicted ERROR, probability : 0.7472
A0A0H5S235_BRUMA: Predicted CORRECT, probability : 0.3577
A0A0N4TTF5_BRUPA: Predicted CORRECT, probability : 0.3682
A0A0G4GWT1_VITBC: Predicted ERROR, probability : 0.6335
C1N2T5_MICPC: Predicted ERROR, probability : 0.7174
G3TCL0_LOXAF: Predicted CORRECT, probability : 0.4454
I3IZ50_ORENI: Predicted ERROR, probability : 0.8038
G3SHD1_GORGO: Predicted CORRECT, probability : 0.2169
V5DUI8_TRYCR: Predicted CORRECT, probability : 0.4158
W5LRM0_ASTMX: Predicted CORRECT, probability : 0.2454
G1T913_RABIT: Predicted CORRECT, probability : 0.2593
W6KG70_9TRYP: Predicted ERROR, probability : 0.5720
H2N1F5_ORYLA: Predicted CORRECT, probability : 0.3152
F7FJH7_CALJA: Predicted ERROR, probability : 0.9851
A0A0L7LAE1_9NEOP: Predicted ERROR, probability : 0.8923
A0A0N4V6W9_ENTVE: Predicted ERROR, probability : 0.6305
B4J6Z6_DROGR: Predicted CORRECT, probability : 0.4605
A0A091CX66_FUKDA: Predicted CORRECT, probability : 0.4284
B4MV93_DROWI: Predicted ERROR, probability : 0.7878
A9TVU1_PHYPA: Predicted ERROR, probability : 0.5064
E3MFS3_CAERE: Predicted ERROR, probability : 0.5617
W5L586_ASTMX: Predicted CORRECT, probability : 0.4450
E3LSA6_CAERE: Predicted CORRECT, probability : 0.4402
U6NNW6_HAECO: Predicted ERROR, probability : 0.9122
A8Y3D5_CAEBR: Predicted ERROR, probability : 0.5720
W4YZF5_STRPU: Predicted ERROR, probability : 0.5711
B4I3T5_DROSE: Predicted ERROR, probability : 0.8805
S7N9N3_MYOBR: Predicted CORRECT, probability : 0.2865
Q38DU9_TRYB2: Predicted ERROR, probability : 0.7883
K7FSX8_PELSI: Predicted ERROR, probability : 0.7696
A8JEA1_CHLRE: Predicted ERROR, probability : 0.6155
H2QMG1_PANTR: Predicted CORRECT, probability : 0.4593
H2KQJ5_CLOSI: Predicted CORRECT, probability : 0.1475
A7SH53_NEMVE: Predicted CORRECT, probability : 0.3777
A0A0G4IPH3_PLABS: Predicted ERROR, probability : 0.6653
A0A0D9RJ69_CHLSB: Predicted ERROR, probability : 0.6143
A0A0G2JT03_RAT: Predicted ERROR, probability : 0.8391
BBS12_MOUSE: Predicted CORRECT, probability : 0.1679
A0A0H5SAX0_BRUMA: Predicted CORRECT, probability : 0.0837
A0A0T6BAB5_9SCAR: Predicted CORRECT, probability : 0.1838
A0A0N0P3E7_LEPSE: Predicted ERROR, probability : 0.8169
BBS2_HUMAN: Predicted CORRECT, probability : 0.1475
K3WPT3_PYTUL: Predicted CORRECT, probability : 0.3039
A0A0G4IMV6_PLABS: Predicted CORRECT, probability : 0.4119
S9UWW3_9TRYP: Predicted CORRECT, probability : 0.4136
MKS1_RAT: Predicted CORRECT, probability : 0.2387
A3QK09_DANRE: Predicted CORRECT, probability : 0.2289
F4W6Z2_ACREC: Predicted ERROR, probability : 0.6574
A0A0N4TRG0_BRUPA: Predicted ERROR, probability : 0.8165
A0A158NBF3_ATTCE: Predicted ERROR, probability : 0.6087
G7P681_MACFA: Predicted CORRECT, probability : 0.2166
F6YUF2_XENTR: Predicted ERROR, probability : 0.8550
H2RV16_TAKRU: Predicted CORRECT, probability : 0.2909
J9I0G0_9SPIT: Predicted CORRECT, probability : 0.2185
I3NC55_ICTTR: Predicted CORRECT, probability : 0.2802
A4HP97_LEIBR: Predicted CORRECT, probability : 0.4376
I3NHG2_ICTTR: Predicted CORRECT, probability : 0.2774
U6PLC9_HAECO: Predicted ERROR, probability : 0.8201
B4I7P4_DROSE: Predicted CORRECT, probability : 0.4355
G5BMR9_HETGA: Predicted CORRECT, probability : 0.1144
A0A067BK52_SAPPC: Predicted ERROR, probability : 0.9753
B4KRF7_DROMO: Predicted CORRECT, probability : 0.4393
G6DD95_DANPL: Predicted ERROR, probability : 0.7675
K7FH00_PELSI: Predicted CORRECT, probability : 0.1498
F6Q0A8_MACMU: Predicted ERROR, probability : 0.8601
L5JXA8_PTEAL: Predicted CORRECT, probability : 0.3101
A0BPN5_PARTE: Predicted ERROR, probability : 0.8910
F4W6I5_ACREC: Predicted CORRECT, probability : 0.3033
S7MWE6_MYOBR: Predicted CORRECT, probability : 0.4591
W4H8Z6_9STRA: Predicted ERROR, probability : 0.5711
E2RG29_CANLF: Predicted ERROR, probability : 0.5230
J0XI15_LOALO: Predicted CORRECT, probability : 0.1732
I3K8F9_ORENI: Predicted CORRECT, probability : 0.4734
G1ME56_AILME: Predicted CORRECT, probability : 0.1608
A0A0D9QVJ6_CHLSB: Predicted CORRECT, probability : 0.3109
F4WXK5_ACREC: Predicted ERROR, probability : 0.8833
B7PXZ3_IXOSC: Predicted CORRECT, probability : 0.1825
F1SP83_PIG: Predicted CORRECT, probability : 0.3507
G3W269_SARHA: Predicted CORRECT, probability : 0.4396
A9UW13_MONBE: Predicted ERROR, probability : 0.5213
A4HN90_LEIBR: Predicted ERROR, probability : 0.6114
D2VRJ0_NAEGR: Predicted ERROR, probability : 0.9298
Q4QEM9_LEIMA: Predicted CORRECT, probability : 0.2286
F6R3H8_XENTR: Predicted ERROR, probability : 0.9253
IFT74_CHLRE: Predicted ERROR, probability : 0.8956
F6RDQ7_CIOIN: Predicted CORRECT, probability : 0.3384
B0X734_CULQU: Predicted ERROR, probability : 0.6102
E1BN34_BOVIN: Predicted CORRECT, probability : 0.3141
Q5RA46_PONAB: Predicted CORRECT, probability : 0.4607
F6Z5Q1_HORSE: Predicted CORRECT, probability : 0.1701
M4AKC5_XIPMA: Predicted ERROR, probability : 0.8021
F2UQ70_SALR5: Predicted CORRECT, probability : 0.4460
W5QCF0_SHEEP: Predicted ERROR, probability : 0.9620
W5J3B6_ANODA: Predicted CORRECT, probability : 0.4497
Q4E2P4_TRYCC: Predicted ERROR, probability : 0.8827
A0A158NUR8_ATTCE: Predicted CORRECT, probability : 0.4138
A0A0N0VDQ8_9TRYP: Predicted ERROR, probability : 0.6879
W2Y705_PHYPR: Predicted ERROR, probability : 0.6430
W4Z211_STRPU: Predicted CORRECT, probability : 0.4262
H3FMD9_PRIPA: Predicted ERROR, probability : 0.8876
K7FZ59_PELSI: Predicted CORRECT, probability : 0.1855
D0MZ16_PHYIT: Predicted CORRECT, probability : 0.3960
G3QXK4_GORGO: Predicted CORRECT, probability : 0.3580
E3LQY5_CAERE: Predicted ERROR, probability : 0.7696
M3XBP0_FELCA: Predicted ERROR, probability : 0.5227
G1SYN3_RABIT: Predicted CORRECT, probability : 0.4131
A0A151NV80_ALLMI: Predicted ERROR, probability : 0.8484
A0A026WS77_CERBI: Predicted ERROR, probability : 0.7038
B3MUH4_DROAN: Predicted ERROR, probability : 0.7166
H2MJA1_ORYLA: Predicted CORRECT, probability : 0.2461
M3ZHU5_XIPMA: Predicted ERROR, probability : 0.8828
W5NHG3_LEPOC: Predicted CORRECT, probability : 0.4085
J9IRB0_9SPIT: Predicted ERROR, probability : 0.5668
W5L7N4_ASTMX: Predicted ERROR, probability : 0.5906
A0A0D9RBM3_CHLSB: Predicted CORRECT, probability : 0.4834
G3SW34_LOXAF: Predicted CORRECT, probability : 0.4446
G1RV53_NOMLE: Predicted CORRECT, probability : 0.2235
A0A0L7R2D7_9HYME: Predicted CORRECT, probability : 0.3651
H2ZZ55_LATCH: Predicted CORRECT, probability : 0.1807
H0WVV6_OTOGA: Predicted CORRECT, probability : 0.4362
G1LIU7_AILME: Predicted CORRECT, probability : 0.3253
A0A177WZH4_BATDE: Predicted CORRECT, probability : 0.2759
W5N2B1_LEPOC: Predicted CORRECT, probability : 0.4383
H2RYV3_TAKRU: Predicted ERROR, probability : 0.7653
Q7PUL7_ANOGA: Predicted CORRECT, probability : 0.4610
A4HX34_LEIIN: Predicted CORRECT, probability : 0.2203
Q18106_CAEEL: Predicted ERROR, probability : 0.9928
V9EXZ9_PHYPR: Predicted CORRECT, probability : 0.3636
G0MY08_CAEBE: Predicted ERROR, probability : 0.9974
Q4E4D8_TRYCC: Predicted CORRECT, probability : 0.3708
T0RDB9_9STRA: Predicted ERROR, probability : 0.5657
A0A0R3U3T9_9CEST: Predicted ERROR, probability : 0.9642
H3CYE9_TETNG: Predicted ERROR, probability : 0.7876
F6W3B7_ORNAN: Predicted CORRECT, probability : 0.4286
R1DSD8_EMIHU: Predicted ERROR, probability : 0.5755
A0A0M9FXC3_9TRYP: Predicted CORRECT, probability : 0.2653
W4FD55_9STRA: Predicted CORRECT, probability : 0.3321
G3T822_LOXAF: Predicted CORRECT, probability : 0.2601
W4Z8E6_STRPU: Predicted CORRECT, probability : 0.3416
V3Z105_LOTGI: Predicted CORRECT, probability : 0.3584
G3WH06_SARHA: Predicted CORRECT, probability : 0.4121
Q29J74_DROPS: Predicted ERROR, probability : 0.5393
A7RY88_NEMVE: Predicted ERROR, probability : 0.6071
G1SIY1_RABIT: Predicted CORRECT, probability : 0.1828
PTHB1_MOUSE: Predicted CORRECT, probability : 0.1358
G1S2T2_NOMLE: Predicted CORRECT, probability : 0.4950
A0A091CIL2_FUKDA: Predicted ERROR, probability : 0.5461
A0A087X8G3_POEFO: Predicted ERROR, probability : 0.7202
K7J1K7_NASVI: Predicted CORRECT, probability : 0.3992
A0A0N5D5E3_THECL: Predicted CORRECT, probability : 0.4294
BBS1_CAEEL: Predicted CORRECT, probability : 0.3940
G3T3V8_LOXAF: Predicted CORRECT, probability : 0.1785
IFT74_HUMAN: Predicted CORRECT, probability : 0.4734
U1P0V6_ASCSU: Predicted ERROR, probability : 0.6697
A0A183BQH1_GLOPA: Predicted ERROR, probability : 0.6793
T1JH94_STRMM: Predicted CORRECT, probability : 0.4273
B4MMM3_DROWI: Predicted CORRECT, probability : 0.4400
B2RZ48_RAT: Predicted CORRECT, probability : 0.4140
G7PRK5_MACFA: Predicted CORRECT, probability : 0.4078
F7DYZ6_XENTR: Predicted CORRECT, probability : 0.2856
A0A151NHU6_ALLMI: Predicted CORRECT, probability : 0.3846
ARL6_CAEBR: Predicted CORRECT, probability : 0.1950
H0XFB0_OTOGA: Predicted CORRECT, probability : 0.3198
C1MPM0_MICPC: Predicted ERROR, probability : 0.7828
V5B167_TRYCR: Predicted CORRECT, probability : 0.2268
A0A026W4W1_CERBI: Predicted ERROR, probability : 0.5700
I3NAS8_ICTTR: Predicted CORRECT, probability : 0.4719
BBS7_CAEEL: Predicted CORRECT, probability : 0.2089
G3W4X1_SARHA: Predicted ERROR, probability : 0.7516
E0W305_PEDHC: Predicted CORRECT, probability : 0.4840
A4IBV8_LEIIN: Predicted ERROR, probability : 0.6309
B4LNW6_DROVI: Predicted CORRECT, probability : 0.1231
I3MEE1_ICTTR: Predicted CORRECT, probability : 0.0939
B4QXT1_DROSI: Predicted ERROR, probability : 0.8659
G3W852_SARHA: Predicted CORRECT, probability : 0.1588
B7XJ53_ENTBH: Predicted CORRECT, probability : 0.4723
G4YHC7_PHYSP: Predicted CORRECT, probability : 0.4158
D8TQE3_VOLCA: Predicted ERROR, probability : 0.6295
G3PLE4_GASAC: Predicted ERROR, probability : 0.8814
G0MCB1_CAEBE: Predicted CORRECT, probability : 0.2740
D8TIQ4_VOLCA: Predicted ERROR, probability : 0.7041
I1G762_AMPQE: Predicted CORRECT, probability : 0.4234
A0A0B2W1E4_TOXCA: Predicted ERROR, probability : 0.5651
V8P7R8_OPHHA: Predicted CORRECT, probability : 0.2314
W4FJ10_9STRA: Predicted ERROR, probability : 0.5817
F6YBY1_CALJA: Predicted CORRECT, probability : 0.2795
IFT74_MOUSE: Predicted ERROR, probability : 0.5176
W2Q7F5_PHYPN: Predicted ERROR, probability : 0.8132
Q4D758_TRYCC: Predicted ERROR, probability : 0.5174
A0A024TR25_9STRA: Predicted CORRECT, probability : 0.3601
E2RKK7_CANLF: Predicted CORRECT, probability : 0.4804
A0A0N4ZXF1_PARTI: Predicted CORRECT, probability : 0.1419
D0MY10_PHYIT: Predicted CORRECT, probability : 0.3778
G3SKE1_GORGO: Predicted ERROR, probability : 0.8465
F6VLT6_CALJA: Predicted CORRECT, probability : 0.4082
F6SNQ4_MONDO: Predicted CORRECT, probability : 0.4608
Q2M0T4_DROPS: Predicted ERROR, probability : 0.5390
H3G905_PHYRM: Predicted ERROR, probability : 0.8626
Q4E5P7_TRYCC: Predicted ERROR, probability : 0.8814
A0A087XEK6_POEFO: Predicted CORRECT, probability : 0.4628
A0A059F571_9MICR: Predicted ERROR, probability : 0.9311
A0A087XEB7_POEFO: Predicted CORRECT, probability : 0.2193
A0A0L7R9T5_9HYME: Predicted ERROR, probability : 0.8887
L5JQ97_PTEAL: Predicted CORRECT, probability : 0.4988
A0A0W8CFM7_PHYNI: Predicted ERROR, probability : 0.5130
U6NN38_HAECO: Predicted ERROR, probability : 0.8567
H2ZWW4_LATCH: Predicted CORRECT, probability : 0.3448
F6UB70_HORSE: Predicted CORRECT, probability : 0.4816
I3LF23_PIG: Predicted ERROR, probability : 0.8959
A0A0N5CNT2_THECL: Predicted ERROR, probability : 0.9937
U3JJ66_FICAL: Predicted CORRECT, probability : 0.0865
A0A067CAA2_SAPPC: Predicted CORRECT, probability : 0.2066
F4W7N6_ACREC: Predicted ERROR, probability : 0.7423
M3WA02_FELCA: Predicted CORRECT, probability : 0.1439
H9JBL6_BOMMO: Predicted ERROR, probability : 0.7604
W5K9G7_ASTMX: Predicted CORRECT, probability : 0.4802
H0VTI3_CAVPO: Predicted CORRECT, probability : 0.4007
G3RBR0_GORGO: Predicted CORRECT, probability : 0.2810
F6RFR4_HORSE: Predicted CORRECT, probability : 0.2666
A0A0L7LAS6_9NEOP: Predicted ERROR, probability : 0.6497
BBS12_PONAB: Predicted CORRECT, probability : 0.2071
G6CNQ9_DANPL: Predicted ERROR, probability : 0.6803
W2ZMB5_PHYPR: Predicted CORRECT, probability : 0.3717
D2A2G0_TRICA: Predicted CORRECT, probability : 0.3283
W2YQ45_PHYPR: Predicted CORRECT, probability : 0.3607
A0A0N1PCK5_LEPSE: Predicted ERROR, probability : 0.6273
M3Z5I9_MUSPF: Predicted CORRECT, probability : 0.2420
BBS4_MOUSE: Predicted CORRECT, probability : 0.1813
I1FWR2_AMPQE: Predicted CORRECT, probability : 0.3266
B4H6Z9_DROPE: Predicted CORRECT, probability : 0.4652
K7FIS9_PELSI: Predicted CORRECT, probability : 0.2736
F6UN54_ORNAN: Predicted ERROR, probability : 0.7354
A0A087YHA2_POEFO: Predicted CORRECT, probability : 0.2131
D6WZ82_TRICA: Predicted CORRECT, probability : 0.3032
H0V971_CAVPO: Predicted CORRECT, probability : 0.2309
G5AKE4_HETGA: Predicted CORRECT, probability : 0.2435
Q66H90_RAT: Predicted CORRECT, probability : 0.1903
A0A096N6U1_PAPAN: Predicted CORRECT, probability : 0.4280
F4WJT4_ACREC: Predicted ERROR, probability : 0.5761
A0A096MTK8_PAPAN: Predicted CORRECT, probability : 0.1626
D0MSD3_PHYIT: Predicted CORRECT, probability : 0.3395
C3YD63_BRAFL: Predicted CORRECT, probability : 0.2738
B4GEV6_DROPE: Predicted ERROR, probability : 0.7809
A0A091D8J3_FUKDA: Predicted CORRECT, probability : 0.4178
A0A067R4F6_ZOONE: Predicted ERROR, probability : 0.5162
A8XUK4_CAEBR: Predicted ERROR, probability : 0.9942
A0A151WGN6_9HYME: Predicted ERROR, probability : 0.6350
F9WIP7_TRYCI: Predicted ERROR, probability : 0.7224
BBIP1_HUMAN: Predicted ERROR, probability : 0.7601
G1RX78_NOMLE: Predicted CORRECT, probability : 0.4350
A0A0L7QVB9_9HYME: Predicted CORRECT, probability : 0.3706
A0A067QHW0_ZOONE: Predicted ERROR, probability : 0.8403
G3PWM5_GASAC: Predicted CORRECT, probability : 0.2467
A0A024GPP5_9STRA: Predicted CORRECT, probability : 0.2241
Q0VCP5_BOVIN: Predicted CORRECT, probability : 0.4161
A0A0N5D3Y0_THECL: Predicted ERROR, probability : 0.6491
A0A183T176_SCHSO: Predicted ERROR, probability : 0.9460
E0VD41_PEDHC: Predicted CORRECT, probability : 0.1390
M7BQW0_CHEMY: Predicted CORRECT, probability : 0.3628
T0QVK2_9STRA: Predicted ERROR, probability : 0.9354
C3XU54_BRAFL: Predicted CORRECT, probability : 0.1838
E2RTL3_CANLF: Predicted ERROR, probability : 0.5144
W6KMB3_9TRYP: Predicted ERROR, probability : 0.6198
A0A0L0S0V9_ALLMA: Predicted ERROR, probability : 0.8209
A4H8R6_LEIBR: Predicted CORRECT, probability : 0.2636
E2R1C7_CANLF: Predicted CORRECT, probability : 0.1755
CH037_MOUSE: Predicted ERROR, probability : 0.5346
A0A0Q3TTZ7_AMAAE: Predicted CORRECT, probability : 0.1955
B3MEQ1_DROAN: Predicted ERROR, probability : 0.5614
A0A0N4VMZ0_ENTVE: Predicted ERROR, probability : 0.7048
A0A044U0L5_ONCVO: Predicted CORRECT, probability : 0.4588
G1P887_MYOLU: Predicted ERROR, probability : 0.8474
G0MEG7_CAEBE: Predicted CORRECT, probability : 0.1892
A0A0R3RK88_9BILA: Predicted ERROR, probability : 0.8676
E2RER8_CANLF: Predicted CORRECT, probability : 0.2965
F7G484_MACMU: Predicted ERROR, probability : 0.6083
C1N7X7_MICPC: Predicted ERROR, probability : 0.5469
H2MLD9_ORYLA: Predicted CORRECT, probability : 0.3656
MKKS_HUMAN: Predicted CORRECT, probability : 0.2162
G7NWL4_MACFA: Predicted CORRECT, probability : 0.2993
W2Z794_PHYPR: Predicted ERROR, probability : 0.6045
G1P9Y3_MYOLU: Predicted CORRECT, probability : 0.4336
V3ZY76_LOTGI: Predicted CORRECT, probability : 0.3145
A0A044VD16_ONCVO: Predicted CORRECT, probability : 0.2665
A0A183CD97_GLOPA: Predicted ERROR, probability : 0.7015
I3MMH3_ICTTR: Predicted ERROR, probability : 0.5647
L5JSZ4_PTEAL: Predicted CORRECT, probability : 0.2430
L9L6L8_TUPCH: Predicted CORRECT, probability : 0.4088
U6G3P0_9EIME: Predicted CORRECT, probability : 0.4369
K7GGB8_PELSI: Predicted CORRECT, probability : 0.1851
A0A0K0F464_9BILA: Predicted CORRECT, probability : 0.1960
V5DCK5_TRYCR: Predicted CORRECT, probability : 0.3436
G3T4E0_LOXAF: Predicted CORRECT, probability : 0.4345
A0A0L0CC86_LUCCU: Predicted CORRECT, probability : 0.2508
H3DHP5_TETNG: Predicted ERROR, probability : 0.5838
A0A0F8AFE6_LARCR: Predicted CORRECT, probability : 0.4448
F6QP01_XENTR: Predicted ERROR, probability : 0.6830
J9P3I0_CANLF: Predicted ERROR, probability : 0.9467
V5BJR9_TRYCR: Predicted ERROR, probability : 0.8674
A0A158PWS5_BRUMA: Predicted ERROR, probability : 0.8399
F6XCD9_CANLF: Predicted CORRECT, probability : 0.0943
W5PWU8_SHEEP: Predicted CORRECT, probability : 0.1809
B4MW67_DROWI: Predicted CORRECT, probability : 0.4551
F7AYF5_MONDO: Predicted ERROR, probability : 0.7400
H2UZ92_TAKRU: Predicted CORRECT, probability : 0.2952
Q4CTU0_TRYCC: Predicted CORRECT, probability : 0.2555
F0YFS0_AURAN: Predicted ERROR, probability : 0.6991
Q4DW95_TRYCC: Predicted CORRECT, probability : 0.4011
A0A0K0E8D2_STRER: Predicted CORRECT, probability : 0.0908
A0A0Q9W9F9_DROVI: Predicted CORRECT, probability : 0.4318
A4HKB1_LEIBR: Predicted CORRECT, probability : 0.3740
W4Y9Z5_STRPU: Predicted ERROR, probability : 0.6250
D2VIC7_NAEGR: Predicted ERROR, probability : 0.7208
G1SYD7_RABIT: Predicted CORRECT, probability : 0.2530
C3YFQ9_BRAFL: Predicted ERROR, probability : 0.5271
F7B2E3_MACMU: Predicted ERROR, probability : 0.9053
A0A154PRL9_9HYME: Predicted ERROR, probability : 0.6369
A0A139WED1_TRICA: Predicted CORRECT, probability : 0.1905
D8UGH5_VOLCA: Predicted ERROR, probability : 0.6395
H2QUE8_PANTR: Predicted CORRECT, probability : 0.1280
A0A0M0LPT4_9EUKA: Predicted ERROR, probability : 0.5130
D0NMI9_PHYIT: Predicted ERROR, probability : 0.6508
Q5XI30_RAT: Predicted CORRECT, probability : 0.3209
H3DN21_TETNG: Predicted ERROR, probability : 0.5511
Q57UH8_TRYB2: Predicted CORRECT, probability : 0.3797
W6U9G9_ECHGR: Predicted ERROR, probability : 0.9475
A0A0G4ITJ7_PLABS: Predicted ERROR, probability : 0.6539
A0A0N0P3G2_LEPSE: Predicted CORRECT, probability : 0.4721
G1KIJ0_ANOCA: Predicted CORRECT, probability : 0.1640
F6S5R5_HORSE: Predicted ERROR, probability : 0.5716
A0A096LYQ5_POEFO: Predicted CORRECT, probability : 0.2534
I1GCP5_AMPQE: Predicted CORRECT, probability : 0.2184
U3KGN2_FICAL: Predicted ERROR, probability : 0.8673
F6XYK3_HORSE: Predicted CORRECT, probability : 0.2557
J0XK55_LOALO: Predicted ERROR, probability : 0.6275
V9F750_PHYPR: Predicted CORRECT, probability : 0.4933
A0A0F8AEE8_LARCR: Predicted CORRECT, probability : 0.4428
W5Q7L6_SHEEP: Predicted CORRECT, probability : 0.4374
G3S2X3_GORGO: Predicted CORRECT, probability : 0.3077
K2NFA3_TRYCR: Predicted CORRECT, probability : 0.4893
Q5XIR2_RAT: Predicted ERROR, probability : 0.5089
A4HH78_LEIBR: Predicted CORRECT, probability : 0.4485
E9G067_DAPPU: Predicted CORRECT, probability : 0.2712
BBS10_PONAB: Predicted CORRECT, probability : 0.3433
G4VAW8_SCHMA: Predicted ERROR, probability : 0.9086
F6VX30_CALJA: Predicted CORRECT, probability : 0.4101
W5MMG5_LEPOC: Predicted CORRECT, probability : 0.1553
A0A096MWX4_PAPAN: Predicted CORRECT, probability : 0.3709
Q57WA0_TRYB2: Predicted CORRECT, probability : 0.3207
H2P491_PONAB: Predicted CORRECT, probability : 0.4384
G1RWH4_NOMLE: Predicted CORRECT, probability : 0.2436
T1JL36_STRMM: Predicted ERROR, probability : 0.9317
A0A087W2H3_ECHMU: Predicted ERROR, probability : 0.9576
T0QML0_9STRA: Predicted CORRECT, probability : 0.2922
G1K9Z0_ANOCA: Predicted CORRECT, probability : 0.2654
A0A0G4INI7_PLABS: Predicted ERROR, probability : 0.6353
G1QY66_NOMLE: Predicted CORRECT, probability : 0.4950
E9ADS3_LEIMA: Predicted ERROR, probability : 0.5475
B4LX92_DROVI: Predicted ERROR, probability : 0.9290
A0A0N4YV34_NIPBR: Predicted ERROR, probability : 0.6457
U3KJC2_FICAL: Predicted CORRECT, probability : 0.3622
G3QXT9_GORGO: Predicted ERROR, probability : 0.5784
A0A158PS91_BRUPA: Predicted CORRECT, probability : 0.0965
TRI32_MOUSE: Predicted CORRECT, probability : 0.4122
F6X3T5_HORSE: Predicted CORRECT, probability : 0.1211
BBIP1_DANRE: Predicted CORRECT, probability : 0.3979
H9GKS6_ANOCA: Predicted CORRECT, probability : 0.3888
E2A7S1_CAMFO: Predicted CORRECT, probability : 0.3314
G1LHM7_AILME: Predicted CORRECT, probability : 0.1832
J9JV08_ACYPI: Predicted CORRECT, probability : 0.0258
H3D6A2_TETNG: Predicted CORRECT, probability : 0.3275
A0A091D8Z1_FUKDA: Predicted CORRECT, probability : 0.1303
A8J6H2_CHLRE: Predicted ERROR, probability : 0.9204
J9GCY5_9SPIT: Predicted ERROR, probability : 0.5737
A0A0R3S1U0_9BILA: Predicted ERROR, probability : 0.7968
G0NG53_CAEBE: Predicted ERROR, probability : 0.5212
U4UA84_DENPD: Predicted ERROR, probability : 0.8799
H2P7R4_PONAB: Predicted CORRECT, probability : 0.4612
B4H6C3_DROPE: Predicted ERROR, probability : 0.5350
Q4E4V4_TRYCC: Predicted CORRECT, probability : 0.3863
G7P0F5_MACFA: Predicted CORRECT, probability : 0.1491
S7Q6Z2_MYOBR: Predicted ERROR, probability : 0.7662
K3WA10_PYTUL: Predicted CORRECT, probability : 0.2594
T0RY96_9STRA: Predicted CORRECT, probability : 0.3977
W2ZBV4_PHYPR: Predicted CORRECT, probability : 0.4981
A0A0N4YLA9_NIPBR: Predicted ERROR, probability : 0.8839
G3T581_LOXAF: Predicted ERROR, probability : 0.9157
V9EH23_PHYPR: Predicted ERROR, probability : 0.9595
T0PXD2_9STRA: Predicted ERROR, probability : 0.6621
A0A0D2M4P4_9CHLO: Predicted ERROR, probability : 0.9981
D0MXK6_PHYIT: Predicted CORRECT, probability : 0.3725
F6ZZ65_CIOIN: Predicted ERROR, probability : 0.9566
G6DDV4_DANPL: Predicted CORRECT, probability : 0.0647
G3SQS4_LOXAF: Predicted CORRECT, probability : 0.2600
W4FS53_9STRA: Predicted CORRECT, probability : 0.4522
G7NZ67_MACFA: Predicted CORRECT, probability : 0.1626
A0A151WJ19_9HYME: Predicted ERROR, probability : 0.7590
B4LTL5_DROVI: Predicted ERROR, probability : 0.5912
A0A0G4EFJ8_VITBC: Predicted ERROR, probability : 0.6227
D0N5X0_PHYIT: Predicted ERROR, probability : 0.5433
L1IIB1_GUITH: Predicted CORRECT, probability : 0.3789
G3P7I9_GASAC: Predicted CORRECT, probability : 0.4166
K7GB43_PELSI: Predicted CORRECT, probability : 0.0917
A2EWL4_TRIVA: Predicted CORRECT, probability : 0.2972
F6V1R0_HORSE: Predicted CORRECT, probability : 0.1720
A0A067R087_ZOONE: Predicted ERROR, probability : 0.9376
W4XFB5_STRPU: Predicted ERROR, probability : 0.7769
V6LPV3_9EUKA: Predicted ERROR, probability : 0.9434
A0A0V0QEV5_PSEPJ: Predicted ERROR, probability : 0.9998
D8U9W7_VOLCA: Predicted ERROR, probability : 0.8200
H3CQC7_TETNG: Predicted CORRECT, probability : 0.3126
F6TP16_MONDO: Predicted CORRECT, probability : 0.0805
M3Z132_MUSPF: Predicted CORRECT, probability : 0.1737
A0A0N4SZ93_BRUPA: Predicted CORRECT, probability : 0.4574
H2QX35_PANTR: Predicted CORRECT, probability : 0.4502
G3SS75_LOXAF: Predicted ERROR, probability : 0.5721
E2A475_CAMFO: Predicted CORRECT, probability : 0.1678
A4H6Y1_LEIBR: Predicted ERROR, probability : 0.6015
G7PDY7_MACFA: Predicted ERROR, probability : 0.6995
A0A061IYH0_TRYRA: Predicted CORRECT, probability : 0.3474
M4AUX9_XIPMA: Predicted ERROR, probability : 0.9510
D8LTW5_ECTSI: Predicted ERROR, probability : 0.5273
W5KW93_ASTMX: Predicted ERROR, probability : 0.9343
D4A4U2_RAT: Predicted CORRECT, probability : 0.3190
A8IYF1_CHLRE: Predicted CORRECT, probability : 0.4689
SDCG8_DANRE: Predicted CORRECT, probability : 0.4146
V9ETD6_PHYPR: Predicted ERROR, probability : 0.7342
B4ME19_DROVI: Predicted CORRECT, probability : 0.4208
A0A0M9G178_9TRYP: Predicted ERROR, probability : 0.5314
K7IZ19_NASVI: Predicted ERROR, probability : 0.6557
K2NCL3_TRYCR: Predicted ERROR, probability : 0.8373
K2NS17_TRYCR: Predicted CORRECT, probability : 0.3648
D2V9Y2_NAEGR: Predicted ERROR, probability : 0.6716
H3DGV8_TETNG: Predicted CORRECT, probability : 0.4522
W2Q9Y5_PHYPN: Predicted CORRECT, probability : 0.4934
E2REN6_CANLF: Predicted ERROR, probability : 0.8287
A0A0J9Y8J7_BRUMA: Predicted CORRECT, probability : 0.1802
ARL6_DANRE: Predicted CORRECT, probability : 0.1778
A2DWY6_TRIVA: Predicted CORRECT, probability : 0.4483
T1JX53_TETUR: Predicted ERROR, probability : 0.5837
A0A0N4ZNH0_PARTI: Predicted ERROR, probability : 0.9011
W5KI70_ASTMX: Predicted ERROR, probability : 0.9692
A0A158R4W9_9BILA: Predicted ERROR, probability : 0.9998
A0A024U9Y1_9STRA: Predicted CORRECT, probability : 0.3178
A0A0D9RAF2_CHLSB: Predicted CORRECT, probability : 0.3056
J9HZC4_9SPIT: Predicted ERROR, probability : 0.7268
T1HVS2_RHOPR: Predicted CORRECT, probability : 0.3197
E1GAE4_LOALO: Predicted ERROR, probability : 0.5023
ARL6_CAEEL: Predicted CORRECT, probability : 0.1766
A0A0N5BKL4_STREA: Predicted ERROR, probability : 0.6225
A8XGG2_CAEBR: Predicted ERROR, probability : 0.9995
A0A0W8CKJ4_PHYNI: Predicted CORRECT, probability : 0.4926
A0A077Z7Q9_TRITR: Predicted CORRECT, probability : 0.4478
F6PM46_HORSE: Predicted CORRECT, probability : 0.1934
G3PRP6_GASAC: Predicted CORRECT, probability : 0.1792
A0A154PBL4_9HYME: Predicted CORRECT, probability : 0.3906
D0N6L3_PHYIT: Predicted ERROR, probability : 0.5582
BBS5_DANRE: Predicted CORRECT, probability : 0.4652
G3QRG0_GORGO: Predicted ERROR, probability : 0.6356
A0A0N5C563_STREA: Predicted CORRECT, probability : 0.2171
CH037_DANRE: Predicted ERROR, probability : 0.5048
A4I7U1_LEIIN: Predicted CORRECT, probability : 0.4039
H0W8L4_CAVPO: Predicted CORRECT, probability : 0.3194
FRITZ_DROME: Predicted CORRECT, probability : 0.4303
K7FNG7_PELSI: Predicted ERROR, probability : 0.7958
A0A0S4JE34_BODSA: Predicted ERROR, probability : 0.7821
A0A158NV12_ATTCE: Predicted CORRECT, probability : 0.4929
A0A087XH33_POEFO: Predicted ERROR, probability : 0.8192
A8WJB5_CAEBR: Predicted ERROR, probability : 0.8409
H0UVR3_CAVPO: Predicted CORRECT, probability : 0.2236
A0A0K0DX44_STRER: Predicted ERROR, probability : 0.7066
S9WC07_CAMFR: Predicted CORRECT, probability : 0.4246
A0A087YPY0_POEFO: Predicted ERROR, probability : 0.5190
A0A061J2T5_TRYRA: Predicted CORRECT, probability : 0.4978
V5B464_TRYCR: Predicted ERROR, probability : 0.6836
A0A0N0BE56_9HYME: Predicted CORRECT, probability : 0.3140
M3WEE9_FELCA: Predicted CORRECT, probability : 0.4481
H2SDM2_TAKRU: Predicted ERROR, probability : 0.5372
W5P6M8_SHEEP: Predicted ERROR, probability : 0.5546
A0A0N0DTJ9_9TRYP: Predicted ERROR, probability : 0.8282
I3MIT5_ICTTR: Predicted CORRECT, probability : 0.1476
E1BKZ3_BOVIN: Predicted CORRECT, probability : 0.2739
T0QH98_9STRA: Predicted CORRECT, probability : 0.4687
A0A0N4UZ46_ENTVE: Predicted ERROR, probability : 0.5718
M3YV44_MUSPF: Predicted CORRECT, probability : 0.4939
W5PYR9_SHEEP: Predicted CORRECT, probability : 0.3944
A0A077ZNG4_STYLE: Predicted ERROR, probability : 0.9874
H0X8S4_OTOGA: Predicted ERROR, probability : 0.5969
A0A0N4TQC2_BRUPA: Predicted ERROR, probability : 0.7264
G3QI68_GORGO: Predicted CORRECT, probability : 0.4574
F7EGS4_MACMU: Predicted CORRECT, probability : 0.1626
V9EKV4_PHYPR: Predicted CORRECT, probability : 0.3607
E3NSB7_CAERE: Predicted ERROR, probability : 0.6174
A7SR08_NEMVE: Predicted CORRECT, probability : 0.1993
B4ICX1_DROSE: Predicted ERROR, probability : 0.7727
A0A0N5CAK7_STREA: Predicted CORRECT, probability : 0.1219
K3X3B3_PYTUL: Predicted CORRECT, probability : 0.4955
X6NZL0_RETFI: Predicted ERROR, probability : 0.6742
B4JSV3_DROGR: Predicted ERROR, probability : 0.8212
H2QXS4_PANTR: Predicted CORRECT, probability : 0.4084
H2KV67_CLOSI: Predicted ERROR, probability : 0.7006
H0WGM3_OTOGA: Predicted CORRECT, probability : 0.1869
U6PK38_HAECO: Predicted CORRECT, probability : 0.2426
A0A0S4JJZ6_BODSA: Predicted ERROR, probability : 0.5167
A0A096MMY7_PAPAN: Predicted CORRECT, probability : 0.3084
A0A183CQD0_GLOPA: Predicted CORRECT, probability : 0.4236
Q4D5L0_TRYCC: Predicted CORRECT, probability : 0.3790
F7FNJ0_MACMU: Predicted CORRECT, probability : 0.3001
V9DZZ4_PHYPR: Predicted ERROR, probability : 0.6690
H3AVK0_LATCH: Predicted ERROR, probability : 0.5276
A0A0N4UE14_DRAME: Predicted ERROR, probability : 0.8223
G4ZRE7_PHYSP: Predicted CORRECT, probability : 0.2230
C3YW88_BRAFL: Predicted ERROR, probability : 0.8734
A0A194QVK1_PAPMA: Predicted CORRECT, probability : 0.3140
W5J3R5_ANODA: Predicted ERROR, probability : 0.6626
T1FL10_HELRO: Predicted ERROR, probability : 0.5086
A0A194RH81_PAPMA: Predicted CORRECT, probability : 0.3583
W4GJ33_9STRA: Predicted CORRECT, probability : 0.4205
BBS5_CAEEL: Predicted ERROR, probability : 0.8751
IFT27_MOUSE: Predicted CORRECT, probability : 0.4109
A0A024TR04_9STRA: Predicted ERROR, probability : 0.8040
A0A024UWM1_9STRA: Predicted ERROR, probability : 0.5113
F1SBK4_PIG: Predicted CORRECT, probability : 0.3436
W6KIA6_9TRYP: Predicted ERROR, probability : 0.6471
G7NY40_MACFA: Predicted ERROR, probability : 0.8985
I3JGE5_ORENI: Predicted ERROR, probability : 0.8306
B3M138_DROAN: Predicted ERROR, probability : 0.8543
A6QLF9_BOVIN: Predicted CORRECT, probability : 0.4798
A0A095AGH2_SCHHA: Predicted ERROR, probability : 0.6288
G5C8Q6_HETGA: Predicted CORRECT, probability : 0.4261
H3GVL7_PHYRM: Predicted CORRECT, probability : 0.4428
I7MIW5_TETTS: Predicted CORRECT, probability : 0.2639
ARL6_PONAB: Predicted CORRECT, probability : 0.1417
B4QVM9_DROSI: Predicted ERROR, probability : 0.9088
W5QAJ5_SHEEP: Predicted CORRECT, probability : 0.1519
A0A0N5D3C4_THECL: Predicted ERROR, probability : 0.6766
I3IWV9_ORENI: Predicted ERROR, probability : 0.7118
A0A158NS39_ATTCE: Predicted ERROR, probability : 0.5761
H3GG97_PHYRM: Predicted ERROR, probability : 0.5158
B7PU94_IXOSC: Predicted ERROR, probability : 0.5489
B3S9A2_TRIAD: Predicted CORRECT, probability : 0.4480
F1MU26_BOVIN: Predicted CORRECT, probability : 0.1544
F6WD17_ORNAN: Predicted CORRECT, probability : 0.4683
F1SGD6_PIG: Predicted CORRECT, probability : 0.2538
G1SZG9_RABIT: Predicted CORRECT, probability : 0.2305
D2VRF8_NAEGR: Predicted CORRECT, probability : 0.1040
A0A0L7RAP5_9HYME: Predicted CORRECT, probability : 0.2700
G3WV05_SARHA: Predicted CORRECT, probability : 0.3650
G5BPW8_HETGA: Predicted ERROR, probability : 0.5746
H0XMN1_OTOGA: Predicted ERROR, probability : 0.9072
F6ZBL6_MACMU: Predicted CORRECT, probability : 0.1542
C4V6M3_NOSCE: Predicted CORRECT, probability : 0.2823
A0A096P4T0_PAPAN: Predicted CORRECT, probability : 0.2758
G4VC35_SCHMA: Predicted CORRECT, probability : 0.1099
E3MCR4_CAERE: Predicted CORRECT, probability : 0.1859
G1L489_AILME: Predicted ERROR, probability : 0.8697
U3JY08_FICAL: Predicted CORRECT, probability : 0.4009
I3MFS4_ICTTR: Predicted CORRECT, probability : 0.3524
S7MHA8_MYOBR: Predicted CORRECT, probability : 0.2705
E9HT82_DAPPU: Predicted CORRECT, probability : 0.4139
W5PKU2_SHEEP: Predicted CORRECT, probability : 0.2980
F1SKJ7_PIG: Predicted ERROR, probability : 0.9964
Q9I7P3_DROME: Predicted ERROR, probability : 0.8705
L1IPS2_GUITH: Predicted CORRECT, probability : 0.1773
A0A151P2P0_ALLMI: Predicted CORRECT, probability : 0.4140
S9UYL4_9TRYP: Predicted ERROR, probability : 0.5281
B4J623_DROGR: Predicted CORRECT, probability : 0.1354
M3ZUZ2_XIPMA: Predicted CORRECT, probability : 0.2313
L5KEP6_PTEAL: Predicted CORRECT, probability : 0.4773
B0W2W7_CULQU: Predicted CORRECT, probability : 0.1696
E1C6N4_CHICK: Predicted CORRECT, probability : 0.4027
A0A0B2VAS7_TOXCA: Predicted CORRECT, probability : 0.4079
F7GJV3_MONDO: Predicted CORRECT, probability : 0.2088
A0A0D9R0X9_CHLSB: Predicted CORRECT, probability : 0.1626
W2Q403_PHYPN: Predicted CORRECT, probability : 0.3665
A0A0L7QQG4_9HYME: Predicted ERROR, probability : 0.5184
A0A154P6L9_9HYME: Predicted ERROR, probability : 0.8899
IFT27_TRYB2: Predicted ERROR, probability : 0.7358
B1WBT5_RAT: Predicted CORRECT, probability : 0.4769
G1QUW7_NOMLE: Predicted CORRECT, probability : 0.2818
A0A0N4T2Z1_BRUPA: Predicted CORRECT, probability : 0.1865
B4GFI4_DROPE: Predicted ERROR, probability : 0.8744
D7G173_ECTSI: Predicted ERROR, probability : 0.6674
H0WRS7_OTOGA: Predicted CORRECT, probability : 0.3149
G5C795_HETGA: Predicted CORRECT, probability : 0.2525
A0A0M9GA52_9TRYP: Predicted ERROR, probability : 0.8580
S7N739_MYOBR: Predicted ERROR, probability : 0.9816
B3RIN7_TRIAD: Predicted ERROR, probability : 0.6209
L5MC70_MYODS: Predicted CORRECT, probability : 0.2966
A0A0L0D1H0_THETB: Predicted ERROR, probability : 0.8424
A0A0L7LQI9_9NEOP: Predicted ERROR, probability : 0.9813
F6VNP5_XENTR: Predicted CORRECT, probability : 0.2228
G3N7I2_GASAC: Predicted ERROR, probability : 0.6438
G2HEF9_PANTR: Predicted ERROR, probability : 0.7406
W5M4M4_LEPOC: Predicted CORRECT, probability : 0.2081
H0V1I4_CAVPO: Predicted CORRECT, probability : 0.2284
W2TDX3_NECAM: Predicted ERROR, probability : 0.7322
G3TIP0_LOXAF: Predicted CORRECT, probability : 0.1344
A0A090L692_STRRB: Predicted ERROR, probability : 0.6184
F1NSK2_CHICK: Predicted CORRECT, probability : 0.3092
A0A151WNS5_9HYME: Predicted CORRECT, probability : 0.4097
G5E7D8_LOXAF: Predicted CORRECT, probability : 0.4695
U3K4J7_FICAL: Predicted CORRECT, probability : 0.2718
G5BJT3_HETGA: Predicted CORRECT, probability : 0.2887
A0A158P292_ATTCE: Predicted CORRECT, probability : 0.1616
L5KM74_PTEAL: Predicted ERROR, probability : 0.6820
H0W9S2_CAVPO: Predicted ERROR, probability : 0.6783
L9KNF8_TUPCH: Predicted CORRECT, probability : 0.2968
A0A0D9S9R9_CHLSB: Predicted CORRECT, probability : 0.2298
A0A091E2H9_FUKDA: Predicted ERROR, probability : 0.6307
A0A0G4ILH0_PLABS: Predicted ERROR, probability : 0.6396
G3QWF1_GORGO: Predicted CORRECT, probability : 0.4958
H0V4D2_CAVPO: Predicted ERROR, probability : 0.5150
A0A0K0F2R7_9BILA: Predicted CORRECT, probability : 0.2490
W2Z6I3_PHYPR: Predicted CORRECT, probability : 0.2051
A0A0B2USD8_TOXCA: Predicted ERROR, probability : 0.5640
A0A0N5BJF3_STREA: Predicted CORRECT, probability : 0.4896
G1LAF1_AILME: Predicted CORRECT, probability : 0.2827
IFT27_HUMAN: Predicted CORRECT, probability : 0.4281
G0MK79_CAEBE: Predicted ERROR, probability : 0.9818
LZTL1_RAT: Predicted ERROR, probability : 0.5598
C3XXL3_BRAFL: Predicted CORRECT, probability : 0.2191
H3G787_PHYRM: Predicted ERROR, probability : 0.8125
LZTL1_HUMAN: Predicted CORRECT, probability : 0.4459
W5MWL7_LEPOC: Predicted CORRECT, probability : 0.2042
F7CJR6_HORSE: Predicted ERROR, probability : 0.5386
B4MK78_DROWI: Predicted CORRECT, probability : 0.3504
A0A0L0S8P6_ALLMA: Predicted ERROR, probability : 0.8621
H0V587_CAVPO: Predicted CORRECT, probability : 0.1937
H2YLQ2_CIOSA: Predicted CORRECT, probability : 0.4871
A0A067RAV1_ZOONE: Predicted ERROR, probability : 0.7056
F5HK34_ANOGA: Predicted CORRECT, probability : 0.4512
F1N626_BOVIN: Predicted CORRECT, probability : 0.4418
A0A154PPF1_9HYME: Predicted ERROR, probability : 0.5578
A0A0N4UJR0_DRAME: Predicted CORRECT, probability : 0.1870
G1SF71_RABIT: Predicted ERROR, probability : 0.5689
BBS4_XENTR: Predicted CORRECT, probability : 0.3965
G5BWY4_HETGA: Predicted CORRECT, probability : 0.3131
T0R6X7_9STRA: Predicted ERROR, probability : 0.5932
G4ZE33_PHYSP: Predicted ERROR, probability : 0.8549
A0A0N5CRY8_THECL: Predicted CORRECT, probability : 0.1636
A8JF63_CHLRE: Predicted ERROR, probability : 0.8981
G0MLH4_CAEBE: Predicted ERROR, probability : 0.8706
K7IUM7_NASVI: Predicted CORRECT, probability : 0.4660
C1DZQ4_MICCC: Predicted ERROR, probability : 0.9216
G1LJ46_AILME: Predicted CORRECT, probability : 0.0876
A8HYK1_CHLRE: Predicted ERROR, probability : 0.5980
M3X7G4_FELCA: Predicted CORRECT, probability : 0.1739
B3RJT2_TRIAD: Predicted ERROR, probability : 0.7233
A0A158Q2T1_DRAME: Predicted ERROR, probability : 0.9964
G3RIZ2_GORGO: Predicted CORRECT, probability : 0.1453
B4KFI6_DROMO: Predicted ERROR, probability : 0.7432
S9UZY7_9TRYP: Predicted ERROR, probability : 0.8365
H0VAU5_CAVPO: Predicted CORRECT, probability : 0.4534
F7C4T1_XENTR: Predicted CORRECT, probability : 0.1933
H3AAI8_LATCH: Predicted CORRECT, probability : 0.3977
D2HN50_AILME: Predicted CORRECT, probability : 0.4181
F7C208_CALJA: Predicted CORRECT, probability : 0.1574
A0A0N0P4P7_LEPSE: Predicted CORRECT, probability : 0.2657
L1JA00_GUITH: Predicted CORRECT, probability : 0.3849
BBS10_HUMAN: Predicted CORRECT, probability : 0.3114
M3Y2I1_MUSPF: Predicted CORRECT, probability : 0.0823
G4ZW31_PHYSP: Predicted ERROR, probability : 0.5158
H0X602_OTOGA: Predicted ERROR, probability : 0.9352
A0A096NA64_PAPAN: Predicted CORRECT, probability : 0.3272
G3T3M9_LOXAF: Predicted CORRECT, probability : 0.2918
A0A0N5ANT9_9BILA: Predicted ERROR, probability : 0.6339
G1T9Q2_RABIT: Predicted ERROR, probability : 0.5110
A0A0R3TYF9_HYMNN: Predicted ERROR, probability : 0.8140
H0VMP6_CAVPO: Predicted ERROR, probability : 0.8809
E2B1J1_CAMFO: Predicted CORRECT, probability : 0.2237
G1S4W3_NOMLE: Predicted CORRECT, probability : 0.4116
G3PWT5_GASAC: Predicted CORRECT, probability : 0.4988
B7P1L1_IXOSC: Predicted CORRECT, probability : 0.2106
F1RY59_PIG: Predicted ERROR, probability : 0.5454
A0A154PRD2_9HYME: Predicted CORRECT, probability : 0.4323
F7AEK0_CALJA: Predicted ERROR, probability : 0.9762
T0QGA8_9STRA: Predicted CORRECT, probability : 0.1944
A0A0Q3X8Z7_AMAAE: Predicted ERROR, probability : 0.9982
M3WJX0_FELCA: Predicted CORRECT, probability : 0.3490
H2T0R0_TAKRU: Predicted CORRECT, probability : 0.1932
A0A0N1IFC5_PAPMA: Predicted ERROR, probability : 0.5066
U4UBI2_DENPD: Predicted CORRECT, probability : 0.3391
A0A067CXS2_SAPPC: Predicted CORRECT, probability : 0.3081
H2RJL3_TAKRU: Predicted CORRECT, probability : 0.3284
B4NJQ7_DROWI: Predicted ERROR, probability : 0.9064
F6VTH6_ORNAN: Predicted ERROR, probability : 0.5317
H0WUW2_OTOGA: Predicted CORRECT, probability : 0.2522
G5C9H4_HETGA: Predicted CORRECT, probability : 0.2439
F6ZUJ5_CALJA: Predicted ERROR, probability : 0.6282
A0A0M9A7K6_9HYME: Predicted CORRECT, probability : 0.1811
Q4DNK9_TRYCC: Predicted CORRECT, probability : 0.2309
G6D351_DANPL: Predicted ERROR, probability : 0.5111
A0A067BQG6_SAPPC: Predicted ERROR, probability : 0.8320
M3XVF5_MUSPF: Predicted CORRECT, probability : 0.3223
M3WE70_FELCA: Predicted ERROR, probability : 0.9960
W6L264_9TRYP: Predicted CORRECT, probability : 0.4549
D8LN08_ECTSI: Predicted ERROR, probability : 0.6694
F6VUS1_ORNAN: Predicted CORRECT, probability : 0.3919
H2QWG3_PANTR: Predicted ERROR, probability : 0.5556
A0A151WQC0_9HYME: Predicted ERROR, probability : 0.9994
B7PSD9_IXOSC: Predicted ERROR, probability : 0.5181
H2QB48_PANTR: Predicted CORRECT, probability : 0.1442
F1N4X0_BOVIN: Predicted ERROR, probability : 0.7907
T1FEE1_HELRO: Predicted ERROR, probability : 0.9742
A0A0N1PED7_LEPSE: Predicted CORRECT, probability : 0.3868
A0A090L5W0_STRRB: Predicted CORRECT, probability : 0.4775
C1N2W8_MICPC: Predicted ERROR, probability : 0.5602
A0A1B8Y1D2_XENTR: Predicted CORRECT, probability : 0.3892
B3M8B7_DROAN: Predicted ERROR, probability : 0.5332
A0A0N4VJJ5_ENTVE: Predicted CORRECT, probability : 0.2888
A0A0N5A236_PARTI: Predicted CORRECT, probability : 0.0959
A0A0K0EYC5_9BILA: Predicted CORRECT, probability : 0.4980
F4X8S5_ACREC: Predicted ERROR, probability : 0.6446
Q17AX8_AEDAE: Predicted ERROR, probability : 0.8558
H3GA39_PHYRM: Predicted ERROR, probability : 0.5305
L5KAD5_PTEAL: Predicted CORRECT, probability : 0.4396
G6DR32_DANPL: Predicted ERROR, probability : 0.5222
Q4QGM5_LEIMA: Predicted ERROR, probability : 0.6427
A0A0K0G086_9BILA: Predicted ERROR, probability : 0.5343
L5KBQ5_PTEAL: Predicted CORRECT, probability : 0.4193
Q16WI6_AEDAE: Predicted CORRECT, probability : 0.4610
B4GIM8_DROPE: Predicted CORRECT, probability : 0.1598
G3TR76_LOXAF: Predicted CORRECT, probability : 0.3255
H3DMY8_TETNG: Predicted CORRECT, probability : 0.3152
F7D8D3_MONDO: Predicted CORRECT, probability : 0.1687
A0A026W9L5_CERBI: Predicted ERROR, probability : 0.6256
W5M5Q7_LEPOC: Predicted ERROR, probability : 0.7992
F6PNT7_MONDO: Predicted CORRECT, probability : 0.4763
A4HH17_LEIBR: Predicted CORRECT, probability : 0.4410
F4PDD1_BATDJ: Predicted CORRECT, probability : 0.2759
A0A0M9G1C6_9TRYP: Predicted ERROR, probability : 0.5056
A0A0W8CBQ8_PHYNI: Predicted ERROR, probability : 0.8132
F7CR52_HORSE: Predicted ERROR, probability : 0.6533
E1BZE3_CHICK: Predicted CORRECT, probability : 0.2339
Q29MT0_DROPS: Predicted CORRECT, probability : 0.4630
K7FRV5_PELSI: Predicted ERROR, probability : 0.9918
A0A0G2JUD0_RAT: Predicted CORRECT, probability : 0.4499
A0A077ZT05_STYLE: Predicted ERROR, probability : 0.7500
W6KXN0_9TRYP: Predicted ERROR, probability : 0.5638
Q4CTS4_TRYCC: Predicted ERROR, probability : 0.7566
V3ZL20_LOTGI: Predicted CORRECT, probability : 0.2859
Q9VYM3_DROME: Predicted CORRECT, probability : 0.4646
G1SQG3_RABIT: Predicted ERROR, probability : 0.5114
Q66H79_RAT: Predicted CORRECT, probability : 0.4168
A9V1S9_MONBE: Predicted ERROR, probability : 0.5718
U3K919_FICAL: Predicted CORRECT, probability : 0.2366
G1PTC0_MYOLU: Predicted ERROR, probability : 0.9383
F7HY94_CALJA: Predicted CORRECT, probability : 0.1558
A0A087XRS7_POEFO: Predicted CORRECT, probability : 0.1983
F7IFY6_CALJA: Predicted CORRECT, probability : 0.1383
ARF_ENCCU: Predicted CORRECT, probability : 0.4116
G3VFI2_SARHA: Predicted CORRECT, probability : 0.1162
A0A194Q555_PAPXU: Predicted ERROR, probability : 0.9680
M3ZUB6_XIPMA: Predicted ERROR, probability : 0.5728
A0A0L0C383_LUCCU: Predicted CORRECT, probability : 0.1585
B3S5T1_TRIAD: Predicted CORRECT, probability : 0.1274
CH037_RAT: Predicted CORRECT, probability : 0.4625
K3WTZ6_PYTUL: Predicted CORRECT, probability : 0.3005
A0A067QKD4_ZOONE: Predicted CORRECT, probability : 0.3237
Q3SCY0_PARTE: Predicted ERROR, probability : 0.9479
A0A096LWM2_POEFO: Predicted ERROR, probability : 0.5039
V9F6J5_PHYPR: Predicted ERROR, probability : 0.8132
E3NJN3_CAERE: Predicted CORRECT, probability : 0.4886
G3N118_BOVIN: Predicted CORRECT, probability : 0.4728
W4XN65_STRPU: Predicted ERROR, probability : 0.8227
J9I1Z1_9SPIT: Predicted ERROR, probability : 0.8083
A0A061J5Y7_TRYRA: Predicted CORRECT, probability : 0.3250
A0A067BUM2_SAPPC: Predicted ERROR, probability : 0.9097
G4ZI86_PHYSP: Predicted ERROR, probability : 0.8899
H3D688_TETNG: Predicted CORRECT, probability : 0.2150
F6UBH2_MONDO: Predicted CORRECT, probability : 0.4582
A0A044RIU7_ONCVO: Predicted CORRECT, probability : 0.1593
J0XJ04_LOALO: Predicted ERROR, probability : 0.6832
BBS7_MOUSE: Predicted CORRECT, probability : 0.1638
I3MYC6_ICTTR: Predicted CORRECT, probability : 0.2040
F6YN29_MONDO: Predicted CORRECT, probability : 0.1953
A0A067C533_SAPPC: Predicted CORRECT, probability : 0.3177
A0A087YB91_POEFO: Predicted ERROR, probability : 0.6359
A0A096MNW8_PAPAN: Predicted ERROR, probability : 0.5187
G3RQW7_GORGO: Predicted CORRECT, probability : 0.4208
S9WLZ2_9TRYP: Predicted ERROR, probability : 0.6976
K3X2Y2_PYTUL: Predicted ERROR, probability : 0.8154
A0A0N0BHK0_9HYME: Predicted CORRECT, probability : 0.2340
B4JDP6_DROGR: Predicted ERROR, probability : 0.5062
E1G276_LOALO: Predicted CORRECT, probability : 0.2203
A0A0N1PFT7_LEPSE: Predicted CORRECT, probability : 0.3048
F6UU75_XENTR: Predicted CORRECT, probability : 0.3344
A0A067RJQ2_ZOONE: Predicted ERROR, probability : 0.6323
E1BNU6_BOVIN: Predicted CORRECT, probability : 0.3168
A0A0D2L0B8_9CHLO: Predicted CORRECT, probability : 0.3905
A0A024G196_9STRA: Predicted CORRECT, probability : 0.3918
H9GC07_ANOCA: Predicted CORRECT, probability : 0.1980
H0XKK6_OTOGA: Predicted CORRECT, probability : 0.2212
G1QEW9_MYOLU: Predicted CORRECT, probability : 0.3025
A0A0Q3UR11_AMAAE: Predicted ERROR, probability : 0.9921
A0A151MH34_ALLMI: Predicted CORRECT, probability : 0.3532
L7N1T4_MYOLU: Predicted CORRECT, probability : 0.3957
K1QYL7_CRAGI: Predicted ERROR, probability : 0.7322
A0A091DBB5_FUKDA: Predicted CORRECT, probability : 0.3102
W6NHN2_HAECO: Predicted CORRECT, probability : 0.2439
B4F765_RAT: Predicted CORRECT, probability : 0.4546
B3M393_DROAN: Predicted ERROR, probability : 0.7858
F9WHK7_TRYCI: Predicted ERROR, probability : 0.6124
A0A0M0K752_9EUKA: Predicted ERROR, probability : 0.7166
A0A0L0HCR5_SPIPN: Predicted ERROR, probability : 0.5953
W2Z9A3_PHYPR: Predicted ERROR, probability : 0.8132
A0A0N1ICY5_PAPMA: Predicted CORRECT, probability : 0.4469
G5AEA7_PHYSP: Predicted ERROR, probability : 0.6067
H2Q8R7_PANTR: Predicted ERROR, probability : 0.8451
MKKS_PONAB: Predicted CORRECT, probability : 0.2409
A4I4C4_LEIIN: Predicted ERROR, probability : 0.5018
A0A194QWL4_PAPMA: Predicted ERROR, probability : 0.8288
D2A192_TRICA: Predicted CORRECT, probability : 0.1490
C3YBX4_BRAFL: Predicted ERROR, probability : 0.5306
A0A0N1PGX0_PAPXU: Predicted ERROR, probability : 0.9101
B3MBX5_DROAN: Predicted CORRECT, probability : 0.4988
H3B555_LATCH: Predicted CORRECT, probability : 0.1871
M3ZXJ0_XIPMA: Predicted ERROR, probability : 0.8094
W2Q1R0_PHYPN: Predicted ERROR, probability : 0.7342
H2PS04_PONAB: Predicted CORRECT, probability : 0.4841
BBS1_HUMAN: Predicted CORRECT, probability : 0.2803
G1P0F6_MYOLU: Predicted CORRECT, probability : 0.4545
G3QRU9_GORGO: Predicted ERROR, probability : 0.9979
BBS4_CAEEL: Predicted CORRECT, probability : 0.4186
E1B8R8_BOVIN: Predicted ERROR, probability : 0.5586
A0A0G4EJP9_VITBC: Predicted ERROR, probability : 0.5066
A0A0S4KJV3_BODSA: Predicted CORRECT, probability : 0.3978
A2F554_TRIVA: Predicted ERROR, probability : 0.7837
A0A0N4V4I0_ENTVE: Predicted ERROR, probability : 0.9992
A0A0N5CYY5_THECL: Predicted ERROR, probability : 0.7997
B1H1F4_XENTR: Predicted CORRECT, probability : 0.4886
W2Z3I6_PHYPR: Predicted CORRECT, probability : 0.3635
H2Y718_CIOSA: Predicted CORRECT, probability : 0.3964
I3LJG1_PIG: Predicted CORRECT, probability : 0.1656
A0A0D9RMF9_CHLSB: Predicted CORRECT, probability : 0.2897
A0A0K0DXQ1_STRER: Predicted ERROR, probability : 0.8286
F6SCB7_MACMU: Predicted CORRECT, probability : 0.1432
D2I2K1_AILME: Predicted CORRECT, probability : 0.2874
F7HEV6_CALJA: Predicted CORRECT, probability : 0.2729
LZTL1_BOVIN: Predicted ERROR, probability : 0.5391
G1M0S6_AILME: Predicted ERROR, probability : 0.8967
U1MA65_ASCSU: Predicted ERROR, probability : 0.9784
H2N0J6_ORYLA: Predicted CORRECT, probability : 0.2764
A0A154P3J0_9HYME: Predicted ERROR, probability : 0.9348
F6QE09_CIOIN: Predicted ERROR, probability : 0.9336
V4BYG1_LOTGI: Predicted ERROR, probability : 0.8510
G1MMT5_AILME: Predicted CORRECT, probability : 0.4214
W6KEZ5_9TRYP: Predicted ERROR, probability : 0.5463
A0A024TEN6_9STRA: Predicted CORRECT, probability : 0.3948
A4HSR6_LEIIN: Predicted ERROR, probability : 0.5059
J9K6V4_ACYPI: Predicted ERROR, probability : 0.6975
A0A061IYK7_TRYRA: Predicted ERROR, probability : 0.7344
A0A0N0PDI5_PAPMA: Predicted ERROR, probability : 0.9409
E4XDA1_OIKDI: Predicted CORRECT, probability : 0.2987
A0A096NMN0_PAPAN: Predicted CORRECT, probability : 0.1524
G4YJY9_PHYSP: Predicted CORRECT, probability : 0.3905
G6DR77_DANPL: Predicted ERROR, probability : 0.7629
E2A774_CAMFO: Predicted CORRECT, probability : 0.3579
C3ZRU4_BRAFL: Predicted CORRECT, probability : 0.3633
A0A0M8ZXL4_9HYME: Predicted CORRECT, probability : 0.1390
E2AXP2_CAMFO: Predicted ERROR, probability : 0.6889
A0A0D9R018_CHLSB: Predicted CORRECT, probability : 0.2562
W6KEL0_9TRYP: Predicted CORRECT, probability : 0.4946
K7JKG6_NASVI: Predicted ERROR, probability : 0.9813
A0A077YX28_TRITR: Predicted ERROR, probability : 1.0000
S9WN89_9TRYP: Predicted CORRECT, probability : 0.4475
F7DHC4_MACMU: Predicted ERROR, probability : 0.6995
A0A0N4ZHJ9_PARTI: Predicted CORRECT, probability : 0.1444
G7PC93_MACFA: Predicted ERROR, probability : 0.6083
U6LV11_9EIME: Predicted CORRECT, probability : 0.4338
B3RWQ3_TRIAD: Predicted CORRECT, probability : 0.1182
G3W6A7_SARHA: Predicted ERROR, probability : 0.5717
I3MEL8_ICTTR: Predicted CORRECT, probability : 0.2704
H9GPW5_ANOCA: Predicted CORRECT, probability : 0.3967
D8UCI1_VOLCA: Predicted CORRECT, probability : 0.3364
A0A091DXT3_FUKDA: Predicted ERROR, probability : 0.5691
T1IEA4_RHOPR: Predicted ERROR, probability : 0.9919
M3ZLB9_XIPMA: Predicted CORRECT, probability : 0.2141
SDCG8_HUMAN: Predicted CORRECT, probability : 0.3312
A0A0G4ENF0_VITBC: Predicted ERROR, probability : 0.5605
A0A0N4YEM3_NIPBR: Predicted ERROR, probability : 0.6429
V9F4S6_PHYPR: Predicted ERROR, probability : 0.7981
A4I446_LEIIN: Predicted CORRECT, probability : 0.4687
G3SRN0_LOXAF: Predicted CORRECT, probability : 0.4920
A4HTV8_LEIIN: Predicted ERROR, probability : 0.5281
L5LEJ0_MYODS: Predicted ERROR, probability : 0.6596
G7PUF5_MACFA: Predicted CORRECT, probability : 0.2672
C1N7C5_MICPC: Predicted ERROR, probability : 0.5932
B3MUA1_DROAN: Predicted CORRECT, probability : 0.4708
E3M4Z1_CAERE: Predicted CORRECT, probability : 0.4576
A0A024TBC5_9STRA: Predicted CORRECT, probability : 0.4571
A0A0K0E476_STRER: Predicted ERROR, probability : 0.6617
W6LH84_9TRYP: Predicted CORRECT, probability : 0.2195
B7YZM8_DROME: Predicted CORRECT, probability : 0.4288
M3WWM1_FELCA: Predicted CORRECT, probability : 0.1545
A0A0B2W306_TOXCA: Predicted CORRECT, probability : 0.3411
E1BUV9_CHICK: Predicted CORRECT, probability : 0.0822
A0A091D3M3_FUKDA: Predicted CORRECT, probability : 0.2258
BBS10_MOUSE: Predicted CORRECT, probability : 0.2224
F1NGP3_CHICK: Predicted ERROR, probability : 0.5810
H2MAJ8_ORYLA: Predicted ERROR, probability : 0.5572
G4LW93_SCHMA: Predicted ERROR, probability : 0.9997
B3RPI2_TRIAD: Predicted CORRECT, probability : 0.4943
A0A0N5CEF1_STREA: Predicted CORRECT, probability : 0.1558
B3RQQ8_TRIAD: Predicted ERROR, probability : 0.5444
G1KMJ2_ANOCA: Predicted CORRECT, probability : 0.1390
G7PB52_MACFA: Predicted ERROR, probability : 0.8601
Q4D0P3_TRYCC: Predicted CORRECT, probability : 0.4011
A0A0B2UR27_TOXCA: Predicted CORRECT, probability : 0.4489
M3YWA6_MUSPF: Predicted CORRECT, probability : 0.3237
A7RHF6_NEMVE: Predicted ERROR, probability : 0.7863
R1E0V9_EMIHU: Predicted ERROR, probability : 0.6366
A0A090LBV3_STRRB: Predicted CORRECT, probability : 0.0942
A0A0W8C8Z9_PHYNI: Predicted CORRECT, probability : 0.1877
A0A183AMH9_9TREM: Predicted ERROR, probability : 0.9148
I3KHB5_ORENI: Predicted ERROR, probability : 0.8157
H0UV24_CAVPO: Predicted CORRECT, probability : 0.0984
F2TWH2_SALR5: Predicted CORRECT, probability : 0.4758
J9JLI4_ACYPI: Predicted ERROR, probability : 0.8832
F7AHJ9_HORSE: Predicted CORRECT, probability : 0.3246
PTHB1_HUMAN: Predicted CORRECT, probability : 0.1275
A0A061IRX7_TRYRA: Predicted ERROR, probability : 0.6612
A0A074YYQ2_9TREM: Predicted ERROR, probability : 0.9617
A0A090LHJ8_STRRB: Predicted ERROR, probability : 0.8156
V6U1A3_GIAIN: Predicted ERROR, probability : 0.9782
H2NCR2_PONAB: Predicted CORRECT, probability : 0.2774
H2Y3Y0_CIOSA: Predicted CORRECT, probability : 0.2086
U1NTI9_ASCSU: Predicted CORRECT, probability : 0.1791
G3QYJ9_GORGO: Predicted CORRECT, probability : 0.1305
A0A0Q3US33_AMAAE: Predicted ERROR, probability : 0.9351
K7FBG2_PELSI: Predicted ERROR, probability : 0.6728
ARL6_BOVIN: Predicted CORRECT, probability : 0.1780
A0A0M0J4S8_9EUKA: Predicted CORRECT, probability : 0.4441
K2MSG2_TRYCR: Predicted CORRECT, probability : 0.3328
C1EAS0_MICCC: Predicted ERROR, probability : 0.6198
A0A095CDS9_SCHHA: Predicted CORRECT, probability : 0.3090
Q382T6_TRYB2: Predicted ERROR, probability : 0.7645
W4XP81_STRPU: Predicted CORRECT, probability : 0.2870
W5NG86_LEPOC: Predicted CORRECT, probability : 0.3291
M3ZSV8_XIPMA: Predicted ERROR, probability : 0.5074
W5PZP5_SHEEP: Predicted CORRECT, probability : 0.3120
W5QFP5_SHEEP: Predicted ERROR, probability : 0.6245
A0A0N5BC03_STREA: Predicted CORRECT, probability : 0.2841
A0A0L7R1U8_9HYME: Predicted ERROR, probability : 0.9908
M4AGM2_XIPMA: Predicted ERROR, probability : 0.9657
A7S5W5_NEMVE: Predicted CORRECT, probability : 0.2928
H2MPC6_ORYLA: Predicted ERROR, probability : 0.9536
I3M6W3_ICTTR: Predicted CORRECT, probability : 0.1150
V9F0Z3_PHYPR: Predicted CORRECT, probability : 0.2051
A0A024TXS0_9STRA: Predicted ERROR, probability : 0.5137
H0WSU0_OTOGA: Predicted CORRECT, probability : 0.4918
I3J4U2_ORENI: Predicted CORRECT, probability : 0.3280
B5DXM6_DROPS: Predicted ERROR, probability : 0.7763
A0A158NSS3_ATTCE: Predicted ERROR, probability : 0.8003
A7RRC2_NEMVE: Predicted CORRECT, probability : 0.3341
IFT27_BOVIN: Predicted CORRECT, probability : 0.4563
A0A0N4XYR8_NIPBR: Predicted CORRECT, probability : 0.2446
F7CDR8_HORSE: Predicted ERROR, probability : 0.7017
K7IUT2_NASVI: Predicted ERROR, probability : 0.9358
A0A0R3RQA9_9BILA: Predicted CORRECT, probability : 0.2936
D7FJQ1_ECTSI: Predicted ERROR, probability : 0.7126
A0A0N5AB23_9BILA: Predicted ERROR, probability : 0.9497
FRITZ_RAT: Predicted ERROR, probability : 0.7863
BBS4_BOVIN: Predicted CORRECT, probability : 0.2989
A0A0K0EJU4_STRER: Predicted CORRECT, probability : 0.1532
A0A0G4IR91_PLABS: Predicted ERROR, probability : 0.7706
G1M4X8_AILME: Predicted CORRECT, probability : 0.2316
A0A0N1IKM3_LEPSE: Predicted ERROR, probability : 0.5587
A0A0N8JZ60_9TELE: Predicted ERROR, probability : 0.9999
A0A0R3RI75_9BILA: Predicted CORRECT, probability : 0.4883
A0A0D9S9I9_CHLSB: Predicted CORRECT, probability : 0.4078
C3ZKQ7_BRAFL: Predicted ERROR, probability : 0.7141
Q28WS1_DROPS: Predicted ERROR, probability : 0.5419
M7BMW2_CHEMY: Predicted CORRECT, probability : 0.2280
F7F169_ORNAN: Predicted ERROR, probability : 0.5893
A0A151P8X8_ALLMI: Predicted CORRECT, probability : 0.4282
A0A0L7QZZ5_9HYME: Predicted ERROR, probability : 0.6718
C1MWZ6_MICPC: Predicted ERROR, probability : 0.5776
C3ZGA8_BRAFL: Predicted ERROR, probability : 0.5983
A0A0P7VQX3_9TELE: Predicted CORRECT, probability : 0.2395
A0A0W8CGX9_PHYNI: Predicted ERROR, probability : 0.7117
F6WZU0_MACMU: Predicted CORRECT, probability : 0.1412
I1FTE1_AMPQE: Predicted CORRECT, probability : 0.3072
H2ZVG5_LATCH: Predicted CORRECT, probability : 0.2505
G1KY06_ANOCA: Predicted CORRECT, probability : 0.2369
A0A0D8XYE9_DICVI: Predicted ERROR, probability : 0.9143
S9VEE0_9TRYP: Predicted ERROR, probability : 0.5503
I3JQB2_ORENI: Predicted CORRECT, probability : 0.4878
A0A0D9RQB1_CHLSB: Predicted CORRECT, probability : 0.4951
K7F055_PELSI: Predicted CORRECT, probability : 0.3610
G3WMP3_SARHA: Predicted ERROR, probability : 0.5121
V4AJL1_LOTGI: Predicted CORRECT, probability : 0.1580
A4H5M0_LEIBR: Predicted ERROR, probability : 0.5884
Q4CYP7_TRYCC: Predicted ERROR, probability : 0.9069
H9J289_BOMMO: Predicted ERROR, probability : 0.9413
K1PBA9_CRAGI: Predicted CORRECT, probability : 0.1647
Q17LJ5_AEDAE: Predicted CORRECT, probability : 0.4175
Q4D092_TRYCC: Predicted ERROR, probability : 0.7488
A0A0K0JLB3_BRUMA: Predicted ERROR, probability : 0.6747
L5KX83_PTEAL: Predicted ERROR, probability : 0.9632
E1BTY2_CHICK: Predicted CORRECT, probability : 0.2237
L1JP33_GUITH: Predicted ERROR, probability : 0.7433
G3VZE5_SARHA: Predicted CORRECT, probability : 0.0552
T0R219_9STRA: Predicted CORRECT, probability : 0.4494
Q3V3N7_MOUSE: Predicted CORRECT, probability : 0.3234
H0WTY6_OTOGA: Predicted CORRECT, probability : 0.4575
W6KHM9_9TRYP: Predicted ERROR, probability : 0.6262
A0A0N4Z6G3_PARTI: Predicted CORRECT, probability : 0.3371
H2QMZ4_PANTR: Predicted CORRECT, probability : 0.1562
G3N2W1_BOVIN: Predicted ERROR, probability : 0.8700
W2R2K8_PHYPN: Predicted ERROR, probability : 0.9595
C1EFH9_MICCC: Predicted CORRECT, probability : 0.3787
A0A183APT8_9TREM: Predicted CORRECT, probability : 0.0709
A0A0N5CI00_STREA: Predicted ERROR, probability : 0.8845
A0A067C4C7_SAPPC: Predicted CORRECT, probability : 0.4214
M3XJC5_LATCH: Predicted ERROR, probability : 0.5200
Q23E95_TETTS: Predicted ERROR, probability : 0.9500
G3PWE1_GASAC: Predicted ERROR, probability : 0.6172
A0A0N5CLZ3_THECL: Predicted ERROR, probability : 0.5081
A0A087YK02_POEFO: Predicted CORRECT, probability : 0.1826
M3ZW06_XIPMA: Predicted CORRECT, probability : 0.2826
A0A0R3S284_9BILA: Predicted CORRECT, probability : 0.4274
A0A096NII1_PAPAN: Predicted CORRECT, probability : 0.1522
Q4GYG4_TRYB2: Predicted ERROR, probability : 0.6312
K1PS22_CRAGI: Predicted CORRECT, probability : 0.4443
ARL6_HUMAN: Predicted CORRECT, probability : 0.1562
I3JVB4_ORENI: Predicted CORRECT, probability : 0.2717
A0A158NPL4_ATTCE: Predicted ERROR, probability : 0.6623
C1E555_MICCC: Predicted CORRECT, probability : 0.4238
H2PE85_PONAB: Predicted CORRECT, probability : 0.1517
A0A0L7KYG6_9NEOP: Predicted CORRECT, probability : 0.1690
H2RKI2_TAKRU: Predicted CORRECT, probability : 0.1338
B3DFT2_DANRE: Predicted CORRECT, probability : 0.2459
F7E5E6_ORNAN: Predicted CORRECT, probability : 0.4626
A0A0N4VCC7_ENTVE: Predicted ERROR, probability : 0.7426
B4QB28_DROSI: Predicted ERROR, probability : 0.5379
F1Q6W8_DANRE: Predicted CORRECT, probability : 0.2282
W5LDX9_ASTMX: Predicted CORRECT, probability : 0.3975
M3XU97_MUSPF: Predicted CORRECT, probability : 0.2277
C1MJ52_MICPC: Predicted ERROR, probability : 0.7861
A0A091DIV9_FUKDA: Predicted ERROR, probability : 0.6163
A0A194PI11_PAPXU: Predicted CORRECT, probability : 0.4492
G1QNA6_NOMLE: Predicted CORRECT, probability : 0.1562
B4J7X0_DROGR: Predicted ERROR, probability : 0.5454
Q5PR92_DANRE: Predicted CORRECT, probability : 0.4482
F1L151_ASCSU: Predicted ERROR, probability : 0.8289
I3KCZ4_ORENI: Predicted CORRECT, probability : 0.3197
M3YV76_MUSPF: Predicted CORRECT, probability : 0.2814
SDCG8_MOUSE: Predicted CORRECT, probability : 0.3020
V9G0L5_PHYPR: Predicted ERROR, probability : 0.5130
A2FLN7_TRIVA: Predicted ERROR, probability : 0.6631
A0A091CMT7_FUKDA: Predicted CORRECT, probability : 0.2091
A0A0W8B5F2_PHYNI: Predicted CORRECT, probability : 0.4133
D4A8B1_RAT: Predicted CORRECT, probability : 0.1536
A0A0F8AYR5_LARCR: Predicted CORRECT, probability : 0.4326
F7B395_MACMU: Predicted CORRECT, probability : 0.4268
A0A0R4IL45_DANRE: Predicted CORRECT, probability : 0.4014
M3YBL1_MUSPF: Predicted ERROR, probability : 0.5444
V3ZX09_LOTGI: Predicted CORRECT, probability : 0.1535
A0A0N5DZF4_TRIMR: Predicted ERROR, probability : 0.9513
G1S546_NOMLE: Predicted CORRECT, probability : 0.4972
E7F9Q9_DANRE: Predicted ERROR, probability : 0.7584
A0A087YN04_POEFO: Predicted ERROR, probability : 0.5174
A0A067CA50_SAPPC: Predicted CORRECT, probability : 0.4404
D8TSL5_VOLCA: Predicted ERROR, probability : 0.5294
A0A044S195_ONCVO: Predicted ERROR, probability : 0.5677
I3KYV4_ORENI: Predicted ERROR, probability : 0.5030
A0A067RIH6_ZOONE: Predicted CORRECT, probability : 0.1802
A0A0M0K917_9EUKA: Predicted CORRECT, probability : 0.2152
F6Y677_CIOIN: Predicted ERROR, probability : 0.9641
H2QQ46_PANTR: Predicted CORRECT, probability : 0.2107
W5P7J1_SHEEP: Predicted CORRECT, probability : 0.2724
Q4R679_MACFA: Predicted CORRECT, probability : 0.4834
A0A078A2X5_STYLE: Predicted ERROR, probability : 0.9155
B3MZ02_DROAN: Predicted CORRECT, probability : 0.4954
H0VLD9_CAVPO: Predicted ERROR, probability : 0.5482
I3JUU0_ORENI: Predicted CORRECT, probability : 0.3203
LZTL1_PONAB: Predicted CORRECT, probability : 0.4500
Q4QJ54_LEIMA: Predicted ERROR, probability : 0.5443
W4GJ30_9STRA: Predicted CORRECT, probability : 0.4502
D0NEL4_PHYIT: Predicted CORRECT, probability : 0.2173
E1FP53_LOALO: Predicted CORRECT, probability : 0.4411
V5BKF4_TRYCR: Predicted CORRECT, probability : 0.3896
E2RIJ8_CANLF: Predicted CORRECT, probability : 0.3045
BBS4_HUMAN: Predicted CORRECT, probability : 0.1551
W4YNQ9_STRPU: Predicted CORRECT, probability : 0.2679
A0A0M9G5S3_9TRYP: Predicted ERROR, probability : 0.5245
F6Q1R3_CALJA: Predicted CORRECT, probability : 0.1601
A0A0R4IUZ0_DANRE: Predicted ERROR, probability : 0.5040
D2UXT8_NAEGR: Predicted ERROR, probability : 0.6996
E1G441_LOALO: Predicted CORRECT, probability : 0.4025
A0A0K0F582_9BILA: Predicted CORRECT, probability : 0.1141
A0A059EQ31_9MICR: Predicted ERROR, probability : 0.9502
W5LLH1_ASTMX: Predicted ERROR, probability : 0.8903
W4G1M5_9STRA: Predicted ERROR, probability : 0.5676
A7RIW9_NEMVE: Predicted ERROR, probability : 0.7338
CH037_HUMAN: Predicted ERROR, probability : 0.5490
W2Q3L9_PHYPN: Predicted ERROR, probability : 0.6045
A0A026WMN6_CERBI: Predicted CORRECT, probability : 0.1769
A0A044TK70_ONCVO: Predicted CORRECT, probability : 0.2690
A0A0V0R4D7_PSEPJ: Predicted ERROR, probability : 0.9858
G1PDK6_MYOLU: Predicted CORRECT, probability : 0.2822
F4WE11_ACREC: Predicted ERROR, probability : 0.9919
C1FHI3_MICCC: Predicted ERROR, probability : 0.5280
I3MFB6_ICTTR: Predicted ERROR, probability : 0.5808
L9KIV0_TUPCH: Predicted CORRECT, probability : 0.2566
F7I0U0_CALJA: Predicted CORRECT, probability : 0.3231
W5PIK1_SHEEP: Predicted ERROR, probability : 0.5187
E2A4F9_CAMFO: Predicted CORRECT, probability : 0.4822
W2QE22_PHYPN: Predicted CORRECT, probability : 0.3614
M3WSX8_FELCA: Predicted CORRECT, probability : 0.3125
E3LMW1_CAERE: Predicted ERROR, probability : 0.7260
W2PT12_PHYPN: Predicted CORRECT, probability : 0.3607
A4IIF7_XENTR: Predicted CORRECT, probability : 0.3652
W4Z3R7_STRPU: Predicted ERROR, probability : 0.6933
A0A091E1P0_FUKDA: Predicted ERROR, probability : 0.5459
Q9VF13_DROME: Predicted ERROR, probability : 0.8362
F7EKI0_XENTR: Predicted CORRECT, probability : 0.2634
W5MZI7_LEPOC: Predicted CORRECT, probability : 0.4596
G4Z0F4_PHYSP: Predicted CORRECT, probability : 0.4892
K7FSV7_PELSI: Predicted ERROR, probability : 0.9208
F7IDY9_CALJA: Predicted CORRECT, probability : 0.2545
A0A074Z9J3_9TREM: Predicted ERROR, probability : 0.9764
A0A0L0C437_LUCCU: Predicted CORRECT, probability : 0.4466
A0A0N4U336_DRAME: Predicted ERROR, probability : 0.9296
H2QJY8_PANTR: Predicted CORRECT, probability : 0.1966
W5MN19_LEPOC: Predicted ERROR, probability : 0.5203
B4QG25_DROSI: Predicted CORRECT, probability : 0.4029
F2USB8_SALR5: Predicted CORRECT, probability : 0.3992
M3Y3G7_MUSPF: Predicted ERROR, probability : 0.5112
W2QWY8_PHYPN: Predicted ERROR, probability : 0.6610
E2RQA6_CANLF: Predicted CORRECT, probability : 0.1619
G1PE46_MYOLU: Predicted CORRECT, probability : 0.2602
A0A0G4ILU8_PLABS: Predicted ERROR, probability : 0.6878
G1TL09_RABIT: Predicted CORRECT, probability : 0.4495
K3WFZ0_PYTUL: Predicted ERROR, probability : 0.9114
A0A194QMZ5_PAPXU: Predicted ERROR, probability : 0.6586
A8HWI3_CHLRE: Predicted ERROR, probability : 0.5604
C1E9Y7_MICCC: Predicted ERROR, probability : 0.5794
W3A5U6_PHYPR: Predicted ERROR, probability : 0.5130
H0VBK0_CAVPO: Predicted ERROR, probability : 0.9439
E2R962_CANLF: Predicted CORRECT, probability : 0.2476
M3ZTR9_XIPMA: Predicted ERROR, probability : 0.5197
H0UUH7_CAVPO: Predicted CORRECT, probability : 0.4897
W5NZH1_SHEEP: Predicted ERROR, probability : 0.8475
A0A074ZF09_9TREM: Predicted CORRECT, probability : 0.2234
E1GAU0_LOALO: Predicted CORRECT, probability : 0.4507
A0A194PQ41_PAPXU: Predicted ERROR, probability : 0.8849
G1LVU0_AILME: Predicted CORRECT, probability : 0.4243
B4KME7_DROMO: Predicted CORRECT, probability : 0.1109
V4ARC4_LOTGI: Predicted ERROR, probability : 0.7931
F7HDG7_MACMU: Predicted CORRECT, probability : 0.1487
W5N3D2_LEPOC: Predicted ERROR, probability : 0.6986
K2N5E1_TRYCR: Predicted CORRECT, probability : 0.2230
MKS1_HUMAN: Predicted CORRECT, probability : 0.2621
E2RRS0_CANLF: Predicted CORRECT, probability : 0.1656
G1QNZ0_NOMLE: Predicted CORRECT, probability : 0.1473
W4XAU7_STRPU: Predicted CORRECT, probability : 0.2549
G4YVH6_PHYSP: Predicted CORRECT, probability : 0.4758
C1DZ01_MICCC: Predicted ERROR, probability : 0.9966
A0A0M9A640_9HYME: Predicted CORRECT, probability : 0.4545
A0A044R639_ONCVO: Predicted CORRECT, probability : 0.3037
A0A0K0DSM7_STRER: Predicted ERROR, probability : 0.5284
M4AFV4_XIPMA: Predicted CORRECT, probability : 0.1641
M3YMG3_MUSPF: Predicted CORRECT, probability : 0.4392
V8PB15_OPHHA: Predicted CORRECT, probability : 0.3360
A8JF99_CHLRE: Predicted CORRECT, probability : 0.3396
K2MWH7_TRYCR: Predicted ERROR, probability : 0.7413
B0X8D9_CULQU: Predicted ERROR, probability : 0.8153
E9H9T3_DAPPU: Predicted ERROR, probability : 0.7240
F1MB52_BOVIN: Predicted CORRECT, probability : 0.2594
BBS2_RAT: Predicted CORRECT, probability : 0.1746
Q3SCX0_PARTE: Predicted ERROR, probability : 0.9658
A0A096NEP7_PAPAN: Predicted ERROR, probability : 0.6083
A0A0G4ELX0_VITBC: Predicted CORRECT, probability : 0.4682
H0XEP4_OTOGA: Predicted CORRECT, probability : 0.1317
F7DYZ0_HORSE: Predicted CORRECT, probability : 0.2352
A0A0N1I805_LEPSE: Predicted ERROR, probability : 0.7939
H2M9T7_ORYLA: Predicted CORRECT, probability : 0.3457
W5JSM4_ANODA: Predicted ERROR, probability : 0.8968
F1SNZ1_PIG: Predicted ERROR, probability : 0.5098
A0A0D9R7I6_CHLSB: Predicted CORRECT, probability : 0.2823
F6WSP0_XENTR: Predicted CORRECT, probability : 0.1946
A0A0N5B9H9_STREA: Predicted CORRECT, probability : 0.2933
Q7PW09_ANOGA: Predicted ERROR, probability : 0.8791
H0XPD1_OTOGA: Predicted CORRECT, probability : 0.3299
J3QMK2_MOUSE: Predicted ERROR, probability : 0.7572
A0A0R3SFA3_HYMDI: Predicted ERROR, probability : 0.8976
B4IZI2_DROGR: Predicted CORRECT, probability : 0.4740
A0A096NZB9_PAPAN: Predicted CORRECT, probability : 0.4268
M3W6A3_FELCA: Predicted ERROR, probability : 0.5510
M3ZWS4_XIPMA: Predicted ERROR, probability : 0.5046
Q22CC3_TETTS: Predicted CORRECT, probability : 0.4935
A0A0M9G8H0_9TRYP: Predicted CORRECT, probability : 0.3927
A0A0N5DHP0_TRIMR: Predicted CORRECT, probability : 0.2384
H2TTM2_TAKRU: Predicted ERROR, probability : 0.6547
M4AXH3_XIPMA: Predicted CORRECT, probability : 0.1757
F1PG88_CANLF: Predicted ERROR, probability : 0.6616
BBS12_HUMAN: Predicted CORRECT, probability : 0.2163
G3WF86_SARHA: Predicted ERROR, probability : 0.9907
K1PFG3_CRAGI: Predicted CORRECT, probability : 0.3346
B4JAR6_DROGR: Predicted CORRECT, probability : 0.4554
F0Y6H0_AURAN: Predicted ERROR, probability : 0.5980
G3VZE0_SARHA: Predicted CORRECT, probability : 0.1623
V9EY54_PHYPR: Predicted ERROR, probability : 0.5959
C3YN59_BRAFL: Predicted ERROR, probability : 0.6166
W2YZ86_PHYPR: Predicted ERROR, probability : 0.7342
G1R9L0_NOMLE: Predicted CORRECT, probability : 0.2892
H2VC54_TAKRU: Predicted CORRECT, probability : 0.4799
G4YNA1_PHYSP: Predicted CORRECT, probability : 0.4655
M3XWM7_MUSPF: Predicted CORRECT, probability : 0.1715
A8XRG6_CAEBR: Predicted ERROR, probability : 0.9853
F6U8K2_HORSE: Predicted ERROR, probability : 0.6196
LZTL1_MOUSE: Predicted ERROR, probability : 0.5173
Q29N44_DROPS: Predicted ERROR, probability : 0.6354
F6TUH0_HORSE: Predicted CORRECT, probability : 0.2782
A4IDK2_LEIIN: Predicted CORRECT, probability : 0.4444
F1QCQ8_DANRE: Predicted CORRECT, probability : 0.2619
G7PKR7_MACFA: Predicted CORRECT, probability : 0.4268
A0A0D9QYK6_CHLSB: Predicted CORRECT, probability : 0.1591
K7JBG2_NASVI: Predicted CORRECT, probability : 0.3802
A0A0V0QP26_PSEPJ: Predicted CORRECT, probability : 0.1814
BBS2_MOUSE: Predicted CORRECT, probability : 0.1924
A0A096NE45_PAPAN: Predicted CORRECT, probability : 0.4078
A0A0N4U4C4_DRAME: Predicted ERROR, probability : 0.9998
B4MRQ8_DROWI: Predicted CORRECT, probability : 0.1076
B0W1I5_CULQU: Predicted ERROR, probability : 0.9835
J9I6R2_9SPIT: Predicted ERROR, probability : 0.8945
A0A0D9RQV3_CHLSB: Predicted CORRECT, probability : 0.1324
W5K849_ASTMX: Predicted CORRECT, probability : 0.2000
U3JJ17_FICAL: Predicted CORRECT, probability : 0.4749
F6QAP7_MONDO: Predicted CORRECT, probability : 0.4275
D0N9B8_PHYIT: Predicted ERROR, probability : 0.9582
M3WH89_FELCA: Predicted CORRECT, probability : 0.0817
BBS7_HUMAN: Predicted CORRECT, probability : 0.1579
I3MVI4_ICTTR: Predicted CORRECT, probability : 0.4115
W5K4L0_ASTMX: Predicted ERROR, probability : 0.6366
G7PI35_MACFA: Predicted CORRECT, probability : 0.2480
D6WTY1_TRICA: Predicted CORRECT, probability : 0.3002
A0A0K0G2M1_9BILA: Predicted CORRECT, probability : 0.2633
S9U239_9TRYP: Predicted ERROR, probability : 0.8214
G5C8M2_HETGA: Predicted ERROR, probability : 0.5959
S9UFH8_9TRYP: Predicted ERROR, probability : 0.5765
A7S4V5_NEMVE: Predicted ERROR, probability : 0.8967
T1L460_TETUR: Predicted CORRECT, probability : 0.1702
K3XAU7_PYTUL: Predicted CORRECT, probability : 0.3449
A0A0M8ZZV1_9HYME: Predicted ERROR, probability : 0.5623
TRI32_HUMAN: Predicted CORRECT, probability : 0.4113
H3ACN3_LATCH: Predicted CORRECT, probability : 0.4700
F1NQI6_CHICK: Predicted CORRECT, probability : 0.3971
B4KQ20_DROMO: Predicted ERROR, probability : 0.5011
D0NIZ2_PHYIT: Predicted CORRECT, probability : 0.4910
G1RZS0_NOMLE: Predicted CORRECT, probability : 0.1401
F7C4T0_CALJA: Predicted CORRECT, probability : 0.1036
W2R9D6_PHYPN: Predicted CORRECT, probability : 0.1877
B5DUR3_DROPS: Predicted CORRECT, probability : 0.1657
F6SUK4_MACMU: Predicted CORRECT, probability : 0.2453
V9FJ70_PHYPR: Predicted CORRECT, probability : 0.3614
I3MME5_ICTTR: Predicted CORRECT, probability : 0.2438
Q4Q1J3_LEIMA: Predicted CORRECT, probability : 0.4744
A0A087YC70_POEFO: Predicted CORRECT, probability : 0.2624
G7PGZ2_MACFA: Predicted CORRECT, probability : 0.2366
H9GCQ3_ANOCA: Predicted CORRECT, probability : 0.1507
I3KWC4_ORENI: Predicted ERROR, probability : 0.6797
D2HVB4_AILME: Predicted CORRECT, probability : 0.4962
D8UK49_VOLCA: Predicted CORRECT, probability : 0.3184
W4GJ56_9STRA: Predicted ERROR, probability : 0.8738
W4FHA7_9STRA: Predicted CORRECT, probability : 0.4203
E3LZ78_CAERE: Predicted ERROR, probability : 0.9981
A0A024U1E5_9STRA: Predicted CORRECT, probability : 0.2858
T1IP28_STRMM: Predicted CORRECT, probability : 0.1949
G3NKQ2_GASAC: Predicted CORRECT, probability : 0.3103
E1G6S1_LOALO: Predicted CORRECT, probability : 0.2332
W5PLE6_SHEEP: Predicted ERROR, probability : 0.9779
A0A091DXI0_FUKDA: Predicted CORRECT, probability : 0.2804
I3IYL8_ORENI: Predicted CORRECT, probability : 0.2350
A0A074ZW58_9TREM: Predicted CORRECT, probability : 0.2050
G1KSD3_ANOCA: Predicted CORRECT, probability : 0.3883
G1TLB3_RABIT: Predicted CORRECT, probability : 0.1572
A0A078ADS2_STYLE: Predicted CORRECT, probability : 0.2360
B3RXC9_TRIAD: Predicted CORRECT, probability : 0.2249
D2V8J4_NAEGR: Predicted ERROR, probability : 0.5097
Q295Y8_DROPS: Predicted ERROR, probability : 0.8744
E2AZ94_CAMFO: Predicted ERROR, probability : 0.8134
A0A026VXT6_CERBI: Predicted ERROR, probability : 0.9063
A0A0K0F6I4_9BILA: Predicted CORRECT, probability : 0.0751
G1SII1_RABIT: Predicted CORRECT, probability : 0.2766
B1H296_RAT: Predicted CORRECT, probability : 0.2673
G3WG80_SARHA: Predicted CORRECT, probability : 0.2435
G1LXJ6_AILME: Predicted CORRECT, probability : 0.3813
A0A0K0F3T8_9BILA: Predicted ERROR, probability : 0.8543
A0A0V0R9P2_PSEPJ: Predicted ERROR, probability : 0.9822
M3YWX4_MUSPF: Predicted ERROR, probability : 0.5292
A0A087Y1G8_POEFO: Predicted CORRECT, probability : 0.4758
H2RCJ0_PANTR: Predicted CORRECT, probability : 0.1789
H0Y2B1_OTOGA: Predicted CORRECT, probability : 0.4114
C1MI95_MICPC: Predicted CORRECT, probability : 0.4670
V6LQF6_9EUKA: Predicted ERROR, probability : 0.9305
K3WZB3_PYTUL: Predicted CORRECT, probability : 0.4756
D3ZYF7_RAT: Predicted CORRECT, probability : 0.2200
I3KYQ8_ORENI: Predicted CORRECT, probability : 0.2441
B3RYU7_TRIAD: Predicted CORRECT, probability : 0.4955
E3MFB0_CAERE: Predicted ERROR, probability : 0.7638
G1RDU8_NOMLE: Predicted CORRECT, probability : 0.1435
A0A0N4TNI5_BRUPA: Predicted CORRECT, probability : 0.3346
B4HPG5_DROSE: Predicted CORRECT, probability : 0.1134
A0A0M9GAT6_9TRYP: Predicted ERROR, probability : 0.5731
S7NMT1_MYOBR: Predicted CORRECT, probability : 0.2940
G1TDC1_RABIT: Predicted CORRECT, probability : 0.1774
F1SDY6_PIG: Predicted ERROR, probability : 0.6664
G1QXS8_NOMLE: Predicted CORRECT, probability : 0.3119
G3WML8_SARHA: Predicted CORRECT, probability : 0.4782
A0A096NVI3_PAPAN: Predicted CORRECT, probability : 0.2608
B4KGC5_DROMO: Predicted CORRECT, probability : 0.4513
F6V3X0_CALJA: Predicted ERROR, probability : 0.5233
H2KTD0_CLOSI: Predicted CORRECT, probability : 0.2256
W2ZBK5_PHYPR: Predicted ERROR, probability : 0.8014
A0A151P2F5_ALLMI: Predicted CORRECT, probability : 0.1607
D0MT71_PHYIT: Predicted ERROR, probability : 0.8423
T1EK87_HELRO: Predicted CORRECT, probability : 0.4384
G3Q0Q9_GASAC: Predicted ERROR, probability : 0.5446
A0A0H5S6V4_BRUMA: Predicted CORRECT, probability : 0.3212
M7BRE2_CHEMY: Predicted ERROR, probability : 0.7828
Q23PP7_TETTS: Predicted CORRECT, probability : 0.2031
A0A0K0EG76_STRER: Predicted CORRECT, probability : 0.1587
W5P8L3_SHEEP: Predicted CORRECT, probability : 0.2654
U3K0J7_FICAL: Predicted CORRECT, probability : 0.3607
G3SY59_LOXAF: Predicted CORRECT, probability : 0.1187
F1RRP3_PIG: Predicted CORRECT, probability : 0.2801
H3BHT8_LATCH: Predicted CORRECT, probability : 0.1186
V8P9D6_OPHHA: Predicted CORRECT, probability : 0.2593
C1EG27_MICCC: Predicted ERROR, probability : 0.6051
Q22BU8_TETTS: Predicted ERROR, probability : 0.9006
Q57WF2_TRYB2: Predicted ERROR, probability : 0.8151
H3A6Z7_LATCH: Predicted ERROR, probability : 0.9975
V4AFV8_LOTGI: Predicted CORRECT, probability : 0.3280
H2Q6I5_PANTR: Predicted CORRECT, probability : 0.3545
S7PIU1_MYOBR: Predicted CORRECT, probability : 0.3933
A0A0L7R601_9HYME: Predicted CORRECT, probability : 0.4413
BBS5_MOUSE: Predicted CORRECT, probability : 0.4215
H2T1G8_TAKRU: Predicted CORRECT, probability : 0.4919
B4HN35_DROSE: Predicted ERROR, probability : 0.5105
A0A0N4VCE4_ENTVE: Predicted ERROR, probability : 0.9981
A0A0D9R698_CHLSB: Predicted CORRECT, probability : 0.4460
A0A0D9RRT6_CHLSB: Predicted CORRECT, probability : 0.4268
F0Y179_AURAN: Predicted ERROR, probability : 0.5033
B4IGG4_DROSE: Predicted CORRECT, probability : 0.4601
H2YKL4_CIOSA: Predicted ERROR, probability : 0.9982
I1E5G3_AMPQE: Predicted ERROR, probability : 0.9880
F6XU90_ORNAN: Predicted CORRECT, probability : 0.1685
PTHB1_CAEEL: Predicted CORRECT, probability : 0.2631
M3WUV2_FELCA: Predicted CORRECT, probability : 0.4146
G5AEZ3_PHYSP: Predicted CORRECT, probability : 0.4102
H2QDI7_PANTR: Predicted CORRECT, probability : 0.2489
A0A0N4ZWT7_PARTI: Predicted ERROR, probability : 0.6699
G1KMV6_ANOCA: Predicted CORRECT, probability : 0.4407
K7G526_PELSI: Predicted ERROR, probability : 0.7744
E9AFP5_LEIMA: Predicted ERROR, probability : 0.5794
H2N391_PONAB: Predicted CORRECT, probability : 0.2970
A0A0L0HKI2_SPIPN: Predicted ERROR, probability : 0.6325
F7C228_XENTR: Predicted CORRECT, probability : 0.2167
E1C569_CHICK: Predicted CORRECT, probability : 0.4795
A0A151WSL3_9HYME: Predicted CORRECT, probability : 0.3877
MKS1_MOUSE: Predicted CORRECT, probability : 0.2433
G3NM06_GASAC: Predicted ERROR, probability : 0.9117
A0A0K0JGJ2_BRUMA: Predicted CORRECT, probability : 0.4429
H3CVL6_TETNG: Predicted CORRECT, probability : 0.1624
M3WRS6_FELCA: Predicted ERROR, probability : 0.9917
F1QBF1_DANRE: Predicted ERROR, probability : 0.6244
H2MHH5_ORYLA: Predicted CORRECT, probability : 0.1687
A0A024TA76_9STRA: Predicted ERROR, probability : 0.8084
L5MEG4_MYODS: Predicted CORRECT, probability : 0.4772
F6SS62_MONDO: Predicted CORRECT, probability : 0.3852
K7J2H3_NASVI: Predicted CORRECT, probability : 0.2615
G3NXV8_GASAC: Predicted ERROR, probability : 0.6113
Q4D247_TRYCC: Predicted CORRECT, probability : 0.3738
A0A0D9RGH8_CHLSB: Predicted CORRECT, probability : 0.4810
A0A0G4EJS8_VITBC: Predicted ERROR, probability : 0.6276
B4G8S5_DROPE: Predicted CORRECT, probability : 0.4714
G1U012_RABIT: Predicted ERROR, probability : 0.9739
F4PDV5_BATDJ: Predicted CORRECT, probability : 0.4030
H0UU32_CAVPO: Predicted CORRECT, probability : 0.2814
W4FD87_9STRA: Predicted ERROR, probability : 0.7710
A8X9X0_CAEBR: Predicted ERROR, probability : 0.9937
F1NC06_CHICK: Predicted CORRECT, probability : 0.2523
A0A0I9N4J2_BRUMA: Predicted ERROR, probability : 0.5078
H2V9K1_TAKRU: Predicted CORRECT, probability : 0.4880
B4M537_DROVI: Predicted ERROR, probability : 0.8265
F4WAX0_ACREC: Predicted ERROR, probability : 0.6572
J0M6Z1_LOALO: Predicted CORRECT, probability : 0.3440
Q7QJD7_ANOGA: Predicted ERROR, probability : 0.7861
B0WXE2_CULQU: Predicted CORRECT, probability : 0.4645
Q231T4_TETTS: Predicted ERROR, probability : 0.6929
Q9VPP9_DROME: Predicted ERROR, probability : 0.6354
W4FL04_9STRA: Predicted ERROR, probability : 0.6393
BBS2_DANRE: Predicted CORRECT, probability : 0.1834
G3QKV3_GORGO: Predicted CORRECT, probability : 0.2581
A0A095C0Z5_SCHHA: Predicted CORRECT, probability : 0.3242
K1R468_CRAGI: Predicted CORRECT, probability : 0.3576
A0A095AJW5_SCHHA: Predicted CORRECT, probability : 0.1322
Q4Q5F8_LEIMA: Predicted CORRECT, probability : 0.4044
W6KU64_9TRYP: Predicted CORRECT, probability : 0.2026
M3ZIL2_XIPMA: Predicted CORRECT, probability : 0.2670
A0A0D9QYN2_CHLSB: Predicted ERROR, probability : 0.9601
G3S2G4_GORGO: Predicted CORRECT, probability : 0.2124
A0A044U854_ONCVO: Predicted ERROR, probability : 0.8224
G5B2B2_HETGA: Predicted CORRECT, probability : 0.3754
T1J8I6_STRMM: Predicted CORRECT, probability : 0.3892
A0A0L0CIR6_LUCCU: Predicted ERROR, probability : 0.5071
L1JKF8_GUITH: Predicted ERROR, probability : 0.6307
FRITZ_MOUSE: Predicted ERROR, probability : 0.7438
M3W6J9_FELCA: Predicted ERROR, probability : 0.5377
A0A067BYM3_SAPPC: Predicted ERROR, probability : 0.6092
U6PCU9_HAECO: Predicted ERROR, probability : 0.5602
A0A096M5A9_POEFO: Predicted CORRECT, probability : 0.4424
F6ZUB8_MACMU: Predicted CORRECT, probability : 0.4078
H2MKZ4_ORYLA: Predicted CORRECT, probability : 0.2035
BBS2_CAEEL: Predicted CORRECT, probability : 0.4186
B4GR41_DROPE: Predicted ERROR, probability : 0.5519
E3LTH5_CAERE: Predicted ERROR, probability : 0.9389
Q38AS4_TRYB2: Predicted CORRECT, probability : 0.3515
F6YCR4_HORSE: Predicted CORRECT, probability : 0.4162
E0VZH2_PEDHC: Predicted CORRECT, probability : 0.3910
F1RU51_PIG: Predicted CORRECT, probability : 0.3574
A0A0M0JV78_9EUKA: Predicted ERROR, probability : 0.6596
K7FLU5_PELSI: Predicted CORRECT, probability : 0.1695
A0A0N4TXV0_BRUPA: Predicted CORRECT, probability : 0.1340
G1LSZ3_AILME: Predicted CORRECT, probability : 0.4449
G5ANN6_HETGA: Predicted ERROR, probability : 0.9964
E4X9Q3_OIKDI: Predicted ERROR, probability : 0.5679
A2D7W2_TRIVA: Predicted ERROR, probability : 0.9684
A0A154P754_9HYME: Predicted CORRECT, probability : 0.4609
Q584V4_TRYB2: Predicted CORRECT, probability : 0.4883
H2ZYI3_LATCH: Predicted CORRECT, probability : 0.4665
B4IDB2_DROSE: Predicted CORRECT, probability : 0.4465
L5LQ17_MYODS: Predicted CORRECT, probability : 0.4286
A0A0N5AFX7_9BILA: Predicted ERROR, probability : 0.5357
M3WPF5_FELCA: Predicted ERROR, probability : 0.8973
A0A151X9E7_9HYME: Predicted CORRECT, probability : 0.2028
F1S1T9_PIG: Predicted CORRECT, probability : 0.1446
BBS4_DROME: Predicted ERROR, probability : 0.5839
E9AGF5_LEIIN: Predicted ERROR, probability : 0.7360
A1ZBK9_DROME: Predicted CORRECT, probability : 0.1110
A0A067CKY6_SAPPC: Predicted CORRECT, probability : 0.4788
A7S9V7_NEMVE: Predicted CORRECT, probability : 0.2352
F1SMI2_PIG: Predicted CORRECT, probability : 0.4188
I3JHX4_ORENI: Predicted CORRECT, probability : 0.2303
A0A0N5AW95_9BILA: Predicted CORRECT, probability : 0.2219
Q16XJ9_AEDAE: Predicted CORRECT, probability : 0.1316
H3DXJ0_PRIPA: Predicted ERROR, probability : 0.7623
V8NN67_OPHHA: Predicted ERROR, probability : 0.6000
H3B9Z9_LATCH: Predicted CORRECT, probability : 0.1540
B3S0W6_TRIAD: Predicted ERROR, probability : 0.8323
F0XZU8_AURAN: Predicted ERROR, probability : 0.9789
W5KEJ5_ASTMX: Predicted CORRECT, probability : 0.4695
A0A151MGZ9_ALLMI: Predicted ERROR, probability : 0.5805
H2RIS5_TAKRU: Predicted CORRECT, probability : 0.4073
B4KCS8_DROMO: Predicted ERROR, probability : 0.7429
I3IYB2_ORENI: Predicted ERROR, probability : 0.6364
A0A0R3RVV6_9BILA: Predicted CORRECT, probability : 0.2394
F7DPW6_MACMU: Predicted CORRECT, probability : 0.2309
A0A0K0F721_9BILA: Predicted CORRECT, probability : 0.1375
B4G899_DROPE: Predicted ERROR, probability : 0.6555
G3P8N2_GASAC: Predicted ERROR, probability : 0.9279
A0A154PHR6_9HYME: Predicted ERROR, probability : 0.6739
IFT27_CHLRE: Predicted ERROR, probability : 0.6646
H2V4M8_TAKRU: Predicted CORRECT, probability : 0.3121
A0A0L7RDV5_9HYME: Predicted ERROR, probability : 0.9703
A0A0D9QUM7_CHLSB: Predicted CORRECT, probability : 0.1297
H3D829_TETNG: Predicted ERROR, probability : 0.8938
L5M4N6_MYODS: Predicted CORRECT, probability : 0.2588
A0A0R3WDM8_TAEAS: Predicted ERROR, probability : 0.9671
A0A0N4ZJ99_PARTI: Predicted ERROR, probability : 0.6327
W5LQZ1_ASTMX: Predicted CORRECT, probability : 0.1720
I3JZ61_ORENI: Predicted ERROR, probability : 0.5414
MKKS_MOUSE: Predicted CORRECT, probability : 0.3050
H2ZXI1_LATCH: Predicted CORRECT, probability : 0.2764
D8RT29_SELML: Predicted ERROR, probability : 0.9406
A0A044RGE9_ONCVO: Predicted CORRECT, probability : 0.4299
T1FL10_HELRO: Predicted ERROR, probability : 0.5086
A0A0T6BEB8_9SCAR: Predicted ERROR, probability : 0.9999
I1FWY5_AMPQE: Predicted ERROR, probability : 0.5412
D2VRJ0_NAEGR: Predicted ERROR, probability : 0.9298
K7FYE3_PELSI: Predicted ERROR, probability : 0.5375
A0A087Y3I8_POEFO: Predicted ERROR, probability : 0.5574
A0A096P1E7_PAPAN: Predicted ERROR, probability : 0.8937
A0A075B027_9FUNG: Predicted ERROR, probability : 0.9790
L5K8C4_PTEAL: Predicted ERROR, probability : 0.9857
V4ASP5_LOTGI: Predicted CORRECT, probability : 0.2458
A0A0J9YA55_BRUMA: Predicted ERROR, probability : 0.9283
F6SBB9_XENTR: Predicted ERROR, probability : 0.9645
H2N2Z0_ORYLA: Predicted CORRECT, probability : 0.2736
A0A0T6BBS5_9SCAR: Predicted ERROR, probability : 0.9954
I1F5U0_AMPQE: Predicted ERROR, probability : 0.9980
K7JKG6_NASVI: Predicted ERROR, probability : 0.9813
G1LFS2_AILME: Predicted ERROR, probability : 0.8227
J9K5L4_ACYPI: Predicted ERROR, probability : 0.9638
A0A0P7WHG2_9TELE: Predicted ERROR, probability : 0.9996
A0A0D8YDT9_DICVI: Predicted ERROR, probability : 0.9989
A0A0R3RVV6_9BILA: Predicted CORRECT, probability : 0.2394
S7PU90_MYOBR: Predicted ERROR, probability : 0.8754
A0A077ZAL0_TRITR: Predicted ERROR, probability : 1.0000
A0A0V0R853_PSEPJ: Predicted ERROR, probability : 0.6540
A0A183IHX8_9BILA: Predicted ERROR, probability : 0.9977
W5PLE6_SHEEP: Predicted ERROR, probability : 0.9779
S7NLE7_MYOBR: Predicted ERROR, probability : 0.9640
T1G3W6_HELRO: Predicted CORRECT, probability : 0.4262
K7GB82_PELSI: Predicted ERROR, probability : 0.6678
A0A0D8YB08_DICVI: Predicted ERROR, probability : 0.5203
H0W518_CAVPO: Predicted CORRECT, probability : 0.2829
S7PZK5_MYOBR: Predicted ERROR, probability : 0.9958
H2MLD9_ORYLA: Predicted CORRECT, probability : 0.3656
M3WRS6_FELCA: Predicted ERROR, probability : 0.9917
E9G2T4_DAPPU: Predicted ERROR, probability : 0.9431
A0A0D8XNP3_DICVI: Predicted ERROR, probability : 0.9772
F1PG86_CANLF: Predicted ERROR, probability : 0.5492
F7DBP5_ORNAN: Predicted CORRECT, probability : 0.3810
A0A044RIU7_ONCVO: Predicted CORRECT, probability : 0.1593
A0A094ZHT9_SCHHA: Predicted ERROR, probability : 0.9990
H3A6Z7_LATCH: Predicted ERROR, probability : 0.9975
G1TUK9_RABIT: Predicted CORRECT, probability : 0.3488
A0A026WWN7_CERBI: Predicted ERROR, probability : 0.9999
K7JWU6_NASVI: Predicted CORRECT, probability : 0.4399
G1Q6T8_MYOLU: Predicted CORRECT, probability : 0.4266
A0A0L0DNH8_THETB: Predicted ERROR, probability : 0.5099
H2UZ92_TAKRU: Predicted CORRECT, probability : 0.2952
W6L664_9TRYP: Predicted ERROR, probability : 0.9047
G3S1V8_GORGO: Predicted ERROR, probability : 0.9275
A0A0K0E272_STRER: Predicted ERROR, probability : 0.5663
A0A0N4YCA8_NIPBR: Predicted ERROR, probability : 0.8790
E9ADS3_LEIMA: Predicted ERROR, probability : 0.5475
H3HB40_PHYRM: Predicted ERROR, probability : 0.8552
G2HEF9_PANTR: Predicted ERROR, probability : 0.7406
T1J4V7_STRMM: Predicted ERROR, probability : 0.8895
BBIP1_HUMAN: Predicted ERROR, probability : 0.7601
B7Q6V5_IXOSC: Predicted ERROR, probability : 0.9905
A9URF3_MONBE: Predicted ERROR, probability : 0.9530
G3PWE1_GASAC: Predicted ERROR, probability : 0.6172
B4IPB8_DROSE: Predicted ERROR, probability : 0.8716
H2XR31_CIOIN: Predicted CORRECT, probability : 0.2919
A0A0K0F464_9BILA: Predicted CORRECT, probability : 0.1960
C1E4Y8_MICCC: Predicted ERROR, probability : 0.6393
A0A0P7UT66_9TELE: Predicted ERROR, probability : 0.7253
F7CW87_ORNAN: Predicted CORRECT, probability : 0.4077
H3HDM8_PHYRM: Predicted ERROR, probability : 0.7376
K3WRX6_PYTUL: Predicted ERROR, probability : 0.9761
G5BBT2_HETGA: Predicted CORRECT, probability : 0.3641
M3Z4U9_MUSPF: Predicted CORRECT, probability : 0.4582
Q7QKB4_ANOGA: Predicted ERROR, probability : 0.6097
W5JJX1_ANODA: Predicted ERROR, probability : 0.7796
W2TBI5_NECAM: Predicted ERROR, probability : 0.7361
A0A0N5DFX3_TRIMR: Predicted ERROR, probability : 0.9638
I7MM63_TETTS: Predicted ERROR, probability : 0.9897
A0A0Q3UQ36_AMAAE: Predicted ERROR, probability : 0.9922
A0A151PE31_ALLMI: Predicted CORRECT, probability : 0.2153
A0A0N8JZX8_9TELE: Predicted ERROR, probability : 0.9959
A0A0N4VFK4_ENTVE: Predicted ERROR, probability : 0.9941
H2TTM2_TAKRU: Predicted ERROR, probability : 0.6547
H2SZY5_TAKRU: Predicted ERROR, probability : 0.9804
G1LG10_AILME: Predicted ERROR, probability : 0.7285
J9NXG5_CANLF: Predicted ERROR, probability : 0.5556
A0A024TTU2_9STRA: Predicted ERROR, probability : 0.9625
A0A0V0QQ18_PSEPJ: Predicted ERROR, probability : 0.9958
V8NXJ2_OPHHA: Predicted CORRECT, probability : 0.3094
A0A067BN65_SAPPC: Predicted ERROR, probability : 0.6367
A0A0N5ARG1_9BILA: Predicted ERROR, probability : 0.9996
L5LEJ0_MYODS: Predicted ERROR, probability : 0.6596
C1MLA9_MICPC: Predicted CORRECT, probability : 0.0978
M7BI39_CHEMY: Predicted ERROR, probability : 0.9930
A0A0N4YQM8_NIPBR: Predicted ERROR, probability : 0.9989
V8PGZ8_OPHHA: Predicted ERROR, probability : 0.9936
F6YN29_MONDO: Predicted CORRECT, probability : 0.1953
R4G9X7_ANOCA: Predicted ERROR, probability : 0.7491
U6NW24_HAECO: Predicted CORRECT, probability : 0.4811
A0A0N1IQE1_PAPXU: Predicted ERROR, probability : 0.7119
A9UW13_MONBE: Predicted ERROR, probability : 0.5213
Q17IM4_AEDAE: Predicted ERROR, probability : 0.9883
A0A0N4U4C4_DRAME: Predicted ERROR, probability : 0.9998
A0A0N5D1P5_THECL: Predicted ERROR, probability : 0.8263
K7F525_PELSI: Predicted ERROR, probability : 0.5170
X6NZL0_RETFI: Predicted ERROR, probability : 0.6742
G1LAF1_AILME: Predicted CORRECT, probability : 0.2827
U1P0V6_ASCSU: Predicted ERROR, probability : 0.6697
A0A139WKF1_TRICA: Predicted ERROR, probability : 0.7717
A0A087X6C9_POEFO: Predicted ERROR, probability : 0.9329
A0A0N1PGX0_PAPXU: Predicted ERROR, probability : 0.9101
K7IMU7_NASVI: Predicted ERROR, probability : 0.6137
F7DK17_ORNAN: Predicted ERROR, probability : 0.9021
D8THF8_VOLCA: Predicted ERROR, probability : 0.7059
A0A0R3P9K8_ANGCS: Predicted ERROR, probability : 0.9921
Q17FU4_AEDAE: Predicted ERROR, probability : 0.8439
M7BUC7_CHEMY: Predicted ERROR, probability : 0.9811
A0A0D2MAQ3_9CHLO: Predicted ERROR, probability : 0.8380
V8P0L9_OPHHA: Predicted ERROR, probability : 0.9999
S7PGL6_MYOBR: Predicted ERROR, probability : 0.5800
A0A0W8DLD4_PHYNI: Predicted ERROR, probability : 0.8719
C1E4V7_MICCC: Predicted ERROR, probability : 0.7707
S7MWE6_MYOBR: Predicted CORRECT, probability : 0.4591
A0A183BQH7_GLOPA: Predicted CORRECT, probability : 0.4256
F1QCQ8_DANRE: Predicted CORRECT, probability : 0.2619
W5KW93_ASTMX: Predicted ERROR, probability : 0.9343
A0A132A1L5_SARSC: Predicted ERROR, probability : 0.9963
W2Q6I6_PHYPN: Predicted ERROR, probability : 0.9910
A0A183T176_SCHSO: Predicted ERROR, probability : 0.9460
A0A077ZF88_TRITR: Predicted ERROR, probability : 0.8714
K1QAN9_CRAGI: Predicted ERROR, probability : 0.6446
A0A0D2LN36_9CHLO: Predicted ERROR, probability : 0.8331
A0A0L0DY00_THETB: Predicted ERROR, probability : 0.5450
K1RTU4_CRAGI: Predicted CORRECT, probability : 0.3459
V8PA32_OPHHA: Predicted ERROR, probability : 0.8168
W4YQE9_STRPU: Predicted ERROR, probability : 0.6464
I3MKN1_ICTTR: Predicted CORRECT, probability : 0.4387
A0A0N5CAG5_STREA: Predicted CORRECT, probability : 0.2622
A0A0G4EP95_VITBC: Predicted ERROR, probability : 0.8130
F4X872_ACREC: Predicted ERROR, probability : 0.5314
F7G4A0_MONDO: Predicted ERROR, probability : 0.5263
L9KFC9_TUPCH: Predicted ERROR, probability : 0.9622
U3JYK5_FICAL: Predicted CORRECT, probability : 0.4915
T1FT46_HELRO: Predicted CORRECT, probability : 0.4679
G1KY06_ANOCA: Predicted CORRECT, probability : 0.2369
W2SI00_NECAM: Predicted ERROR, probability : 0.9386
I3IWV9_ORENI: Predicted ERROR, probability : 0.7118
I3LT30_PIG: Predicted ERROR, probability : 0.6069
V8NE13_OPHHA: Predicted ERROR, probability : 0.5645
S7N739_MYOBR: Predicted ERROR, probability : 0.9816
J0M6Z1_LOALO: Predicted CORRECT, probability : 0.3440
G6CNQ9_DANPL: Predicted ERROR, probability : 0.6803
A0A183SY31_SCHSO: Predicted ERROR, probability : 0.6749
C1E9Y7_MICCC: Predicted ERROR, probability : 0.5794
A0A183AVU7_9TREM: Predicted ERROR, probability : 0.9662
A0A0N4Z6G3_PARTI: Predicted CORRECT, probability : 0.3371
H3FK30_PRIPA: Predicted ERROR, probability : 0.9140
S7MF12_MYOBR: Predicted ERROR, probability : 0.9913
S7NH09_MYOBR: Predicted ERROR, probability : 0.5931
F6RDQ7_CIOIN: Predicted CORRECT, probability : 0.3384
A0A096N1F4_PAPAN: Predicted CORRECT, probability : 0.1350
B4MV93_DROWI: Predicted ERROR, probability : 0.7878
A0A0L7R2D7_9HYME: Predicted CORRECT, probability : 0.3651
A0A0R3RRC7_9BILA: Predicted CORRECT, probability : 0.4752
K7GB43_PELSI: Predicted CORRECT, probability : 0.0917
I1GBK3_AMPQE: Predicted ERROR, probability : 0.9944
A0A0N5CNT2_THECL: Predicted ERROR, probability : 0.9937
W5LTX0_ASTMX: Predicted CORRECT, probability : 0.4776
L8Y7H9_TUPCH: Predicted ERROR, probability : 0.9846
H9IZS9_BOMMO: Predicted ERROR, probability : 0.9564
A0A068XJ23_HYMMI: Predicted ERROR, probability : 0.5444
E9GL43_DAPPU: Predicted ERROR, probability : 0.5114
D8LHG4_ECTSI: Predicted CORRECT, probability : 0.4860
F6WII2_XENTR: Predicted ERROR, probability : 0.9996
G5BXD1_HETGA: Predicted ERROR, probability : 0.9973
U6PGC9_HAECO: Predicted ERROR, probability : 0.9820
M7CDR0_CHEMY: Predicted ERROR, probability : 0.6433
B7PGX0_IXOSC: Predicted ERROR, probability : 0.9812
G1R2E6_NOMLE: Predicted ERROR, probability : 0.7614
E5SRB7_TRISP: Predicted ERROR, probability : 0.9536
A0A158PC67_ANGCA: Predicted ERROR, probability : 0.9984
Q4QHY0_LEIMA: Predicted ERROR, probability : 0.6990
G3W779_SARHA: Predicted CORRECT, probability : 0.4326
A0A078AXW3_STYLE: Predicted ERROR, probability : 0.8535
A0A0L0RX02_ALLMA: Predicted ERROR, probability : 0.9824
U4UR71_DENPD: Predicted ERROR, probability : 0.9513
A0A044T938_ONCVO: Predicted ERROR, probability : 0.8375
L5JZ57_PTEAL: Predicted ERROR, probability : 0.8821
W4XLR8_STRPU: Predicted ERROR, probability : 0.7246
L5M4Q0_MYODS: Predicted ERROR, probability : 0.5046
G4YNA1_PHYSP: Predicted CORRECT, probability : 0.4655
A0A075A5S1_9TREM: Predicted ERROR, probability : 0.9987
W5K6A8_ASTMX: Predicted ERROR, probability : 0.9881
A0A0J8AZA9_BETVU: Predicted ERROR, probability : 1.0000
K1RF96_CRAGI: Predicted ERROR, probability : 0.8493
A0A096N3B0_PAPAN: Predicted ERROR, probability : 0.9959
F6XYF5_MACMU: Predicted ERROR, probability : 0.7690
A0A183AMH9_9TREM: Predicted ERROR, probability : 0.9148
T1KN87_TETUR: Predicted ERROR, probability : 0.9795
A0A151MY90_ALLMI: Predicted ERROR, probability : 0.8082
A0A0N4Y5V9_NIPBR: Predicted ERROR, probability : 0.9965
W5JDQ4_ANODA: Predicted CORRECT, probability : 0.2406
A7S6S2_NEMVE: Predicted ERROR, probability : 0.7343
A0A0L0TEE4_ALLMA: Predicted ERROR, probability : 0.9297
B0WVV4_CULQU: Predicted ERROR, probability : 0.9641
H3DXJ0_PRIPA: Predicted ERROR, probability : 0.7623
L1I8Y1_GUITH: Predicted CORRECT, probability : 0.4605
E9GGK3_DAPPU: Predicted ERROR, probability : 0.8421
Q7PZG7_ANOGA: Predicted CORRECT, probability : 0.3237
A0A091E0E2_FUKDA: Predicted CORRECT, probability : 0.3353
G3N2W1_BOVIN: Predicted ERROR, probability : 0.8700
H3G2I6_PRIPA: Predicted ERROR, probability : 0.9913
I1FWR1_AMPQE: Predicted ERROR, probability : 0.9082
H2Y5K1_CIOSA: Predicted ERROR, probability : 0.9606
U1MLL9_ASCSU: Predicted ERROR, probability : 0.6429
D2V1M3_NAEGR: Predicted CORRECT, probability : 0.4843
A0A132AI83_SARSC: Predicted ERROR, probability : 0.9431
T1G1W0_HELRO: Predicted ERROR, probability : 0.9598
G1NSP1_MYOLU: Predicted ERROR, probability : 0.7471
S9WEY7_CAMFR: Predicted ERROR, probability : 0.8811
T1K902_TETUR: Predicted CORRECT, probability : 0.3049
A0A0B2VVD3_TOXCA: Predicted ERROR, probability : 0.9608
L9JK49_TUPCH: Predicted ERROR, probability : 0.9777
A0A026W9L5_CERBI: Predicted ERROR, probability : 0.6256
H2NQY4_PONAB: Predicted ERROR, probability : 0.9728
A0A074TVE9_HAMHA: Predicted CORRECT, probability : 0.4398
G1TAG0_RABIT: Predicted CORRECT, probability : 0.4511
E2AKE6_CAMFO: Predicted ERROR, probability : 0.6706
G7YF31_CLOSI: Predicted ERROR, probability : 0.9590
B7QJ88_IXOSC: Predicted ERROR, probability : 0.9995
A0A044S4J3_ONCVO: Predicted ERROR, probability : 0.9875
L9L5T7_TUPCH: Predicted CORRECT, probability : 0.4186
A0A0G4ITG8_PLABS: Predicted CORRECT, probability : 0.4326
A0A151MR52_ALLMI: Predicted ERROR, probability : 0.9010
Q7PJH7_ANOGA: Predicted ERROR, probability : 0.7111
J9IEJ3_9SPIT: Predicted ERROR, probability : 0.8468
J0XI15_LOALO: Predicted CORRECT, probability : 0.1732
W5MNX0_LEPOC: Predicted ERROR, probability : 0.8301
G3UNS7_LOXAF: Predicted ERROR, probability : 0.6100
A0A0J7KRX1_LASNI: Predicted ERROR, probability : 0.5191
J9JLI4_ACYPI: Predicted ERROR, probability : 0.8832
G4VB11_SCHMA: Predicted ERROR, probability : 0.9890
A0A0N4V4I0_ENTVE: Predicted ERROR, probability : 0.9992
A0A194PHW7_PAPXU: Predicted ERROR, probability : 0.5019
H0W7Y8_CAVPO: Predicted ERROR, probability : 0.9419
Q241P2_TETTS: Predicted ERROR, probability : 0.9883
H3D6A2_TETNG: Predicted CORRECT, probability : 0.3275
A0A0R3PV67_ANGCS: Predicted ERROR, probability : 0.9923
A0A183J7J9_9BILA: Predicted ERROR, probability : 0.9703
U1M879_ASCSU: Predicted ERROR, probability : 0.5492
T1J508_STRMM: Predicted CORRECT, probability : 0.2790
C1N892_MICPC: Predicted ERROR, probability : 0.9684
W5QCF0_SHEEP: Predicted ERROR, probability : 0.9620
A0A0N4VJJ5_ENTVE: Predicted CORRECT, probability : 0.2888
M4AUX9_XIPMA: Predicted ERROR, probability : 0.9510
Q4CXZ7_TRYCC: Predicted ERROR, probability : 0.9966
A0A0D2MT59_9CHLO: Predicted ERROR, probability : 0.5000
A0A0D9QYN2_CHLSB: Predicted ERROR, probability : 0.9601
I3LAV0_PIG: Predicted CORRECT, probability : 0.1251
S7PD13_MYOBR: Predicted ERROR, probability : 0.5017
C5KS16_PERM5: Predicted ERROR, probability : 1.0000
A0A158Q9B2_ENTVE: Predicted ERROR, probability : 0.6463
A0A0N4ZHJ9_PARTI: Predicted CORRECT, probability : 0.1444
W5NGP4_LEPOC: Predicted ERROR, probability : 0.7654
A0A151NEI7_ALLMI: Predicted ERROR, probability : 0.8200
I1G3D9_AMPQE: Predicted ERROR, probability : 0.9996
G3PXZ6_GASAC: Predicted ERROR, probability : 0.7228
H3B2R5_LATCH: Predicted ERROR, probability : 0.5700
A0A0V0R4D7_PSEPJ: Predicted ERROR, probability : 0.9858
A0A0T6AX75_9SCAR: Predicted ERROR, probability : 0.9999
F1MB52_BOVIN: Predicted CORRECT, probability : 0.2594
A0A087YNL7_POEFO: Predicted CORRECT, probability : 0.3765
H9IUL9_BOMMO: Predicted ERROR, probability : 0.9678
A0A183ISR1_9BILA: Predicted ERROR, probability : 0.8536
F0YI19_AURAN: Predicted ERROR, probability : 0.6762
W4YQA9_STRPU: Predicted ERROR, probability : 0.9991
A0A183AUE2_9TREM: Predicted ERROR, probability : 0.9999
C3YEG9_BRAFL: Predicted ERROR, probability : 0.9998
K7IUM7_NASVI: Predicted CORRECT, probability : 0.4660
A0A0J7KP96_LASNI: Predicted ERROR, probability : 0.8806
L5KTW4_PTEAL: Predicted ERROR, probability : 0.8636
A0A0N8JZ60_9TELE: Predicted ERROR, probability : 0.9999
G1PY40_MYOLU: Predicted CORRECT, probability : 0.1474
H3FPW8_PRIPA: Predicted ERROR, probability : 0.9281
M3WH89_FELCA: Predicted CORRECT, probability : 0.0817
A0A158Q3M8_DRAME: Predicted ERROR, probability : 0.9959
L5KX83_PTEAL: Predicted ERROR, probability : 0.9632
A0A194QF95_PAPXU: Predicted ERROR, probability : 0.9315
A0CZW4_PARTE: Predicted CORRECT, probability : 0.3870
H9GBY2_ANOCA: Predicted ERROR, probability : 0.5589
A0A158PCU7_ANGCA: Predicted ERROR, probability : 0.8880
A0A158R4W9_9BILA: Predicted ERROR, probability : 0.9998
A8HY05_CHLRE: Predicted CORRECT, probability : 0.4691
F0XZU8_AURAN: Predicted ERROR, probability : 0.9789
A0A0N1ITN5_9HYME: Predicted ERROR, probability : 0.7761
M3XJ38_LATCH: Predicted ERROR, probability : 0.9457
T1KWA3_TETUR: Predicted ERROR, probability : 0.7008
A8XCI7_CAEBR: Predicted ERROR, probability : 0.9946
F6RJ94_ORNAN: Predicted ERROR, probability : 0.9187
H9JVX6_BOMMO: Predicted ERROR, probability : 0.6250
C3Y3A6_BRAFL: Predicted ERROR, probability : 0.8363
F0YAJ5_AURAN: Predicted ERROR, probability : 0.9632
F4WXK5_ACREC: Predicted ERROR, probability : 0.8833
A0A078AHS4_STYLE: Predicted ERROR, probability : 0.9652
A0A0L0S2E7_ALLMA: Predicted ERROR, probability : 0.9959
A0A0L7RCH2_9HYME: Predicted CORRECT, probability : 0.4877
G1NWH7_MYOLU: Predicted ERROR, probability : 0.9781
A0A024G8J4_9STRA: Predicted ERROR, probability : 0.7104
S9X970_CAMFR: Predicted ERROR, probability : 0.9862
A0A0M0J5B0_9EUKA: Predicted ERROR, probability : 0.7608
H3G787_PHYRM: Predicted ERROR, probability : 0.8125
U4UFE7_DENPD: Predicted ERROR, probability : 0.9132
A0A177W7K9_BATDE: Predicted CORRECT, probability : 0.3115
A0A0L7LUY1_9NEOP: Predicted ERROR, probability : 0.9590
G4VFM7_SCHMA: Predicted ERROR, probability : 0.9994
W2TLI7_NECAM: Predicted ERROR, probability : 0.6156
V4BDA4_LOTGI: Predicted ERROR, probability : 0.5797
A0A0R3RI75_9BILA: Predicted CORRECT, probability : 0.4883
A0A0K0CWM9_ANGCA: Predicted ERROR, probability : 0.9974
G3VLR7_SARHA: Predicted ERROR, probability : 0.9741
A0A158PWS5_BRUMA: Predicted ERROR, probability : 0.8399
A2FLN7_TRIVA: Predicted ERROR, probability : 0.6631
A0A067BK52_SAPPC: Predicted ERROR, probability : 0.9753
W4Z8E6_STRPU: Predicted CORRECT, probability : 0.3416
A0A0N1PCK5_LEPSE: Predicted ERROR, probability : 0.6273
A0A0R3WDM8_TAEAS: Predicted ERROR, probability : 0.9671
E9H9T3_DAPPU: Predicted ERROR, probability : 0.7240
H3CPV7_TETNG: Predicted ERROR, probability : 0.6899
D8TSL5_VOLCA: Predicted ERROR, probability : 0.5294
S9UX65_9TRYP: Predicted ERROR, probability : 0.8407
A9UYR2_MONBE: Predicted ERROR, probability : 0.9981
I3MKM9_ICTTR: Predicted ERROR, probability : 0.8211
H2RCJ0_PANTR: Predicted CORRECT, probability : 0.1789
A8JDM5_CHLRE: Predicted ERROR, probability : 0.5289
G1KEQ2_ANOCA: Predicted ERROR, probability : 0.6903
A0A158PCJ5_ANGCA: Predicted ERROR, probability : 1.0000
A0A0T6B109_9SCAR: Predicted ERROR, probability : 0.9987
A0A0M0J419_9EUKA: Predicted ERROR, probability : 0.7096
A0A0L0DQP3_THETB: Predicted ERROR, probability : 0.7047
A0A044UUG6_ONCVO: Predicted CORRECT, probability : 0.2291
E0VEZ1_PEDHC: Predicted ERROR, probability : 0.8665
V6LK23_9EUKA: Predicted ERROR, probability : 0.9744
T1JN84_STRMM: Predicted CORRECT, probability : 0.1690
V8P9D6_OPHHA: Predicted CORRECT, probability : 0.2593
W5K849_ASTMX: Predicted CORRECT, probability : 0.2000
A0A024G2J7_9STRA: Predicted ERROR, probability : 0.7928
A0A0G4GGA2_VITBC: Predicted ERROR, probability : 0.9437
A0A087W2H3_ECHMU: Predicted ERROR, probability : 0.9576
A0A061IYN2_TRYRA: Predicted ERROR, probability : 0.6527
E9G8C5_DAPPU: Predicted CORRECT, probability : 0.3064
A0A0N5ABN7_9BILA: Predicted CORRECT, probability : 0.3199
A0A139WBN3_TRICA: Predicted ERROR, probability : 0.9747
C3YE92_BRAFL: Predicted CORRECT, probability : 0.1422
B8C2P1_THAPS: Predicted ERROR, probability : 0.7981
A0A0V0QLN4_PSEPJ: Predicted ERROR, probability : 0.9998
A0A0J7P2G7_LASNI: Predicted ERROR, probability : 0.9450
A0A194R2W3_PAPMA: Predicted ERROR, probability : 0.6872
H3H3M3_PHYRM: Predicted ERROR, probability : 0.7379
A0A091D036_FUKDA: Predicted ERROR, probability : 0.8745
D8UDZ1_VOLCA: Predicted ERROR, probability : 0.5830
H2L842_ORYLA: Predicted ERROR, probability : 0.7782
F0YI57_AURAN: Predicted ERROR, probability : 0.9998
A8ISS3_CHLRE: Predicted ERROR, probability : 0.7476
Q16YF7_AEDAE: Predicted ERROR, probability : 0.9323
A0A0W8C0V4_PHYNI: Predicted ERROR, probability : 0.8327
A0A158NBR4_ATTCE: Predicted ERROR, probability : 0.9830
A0A0R3X5R5_HYDTA: Predicted ERROR, probability : 0.7166
V3ZMW5_LOTGI: Predicted CORRECT, probability : 0.3311
A0A0L7LAS6_9NEOP: Predicted ERROR, probability : 0.6497
C3ZGA8_BRAFL: Predicted ERROR, probability : 0.5983
S9XZ18_CAMFR: Predicted ERROR, probability : 0.8941
G7P921_MACFA: Predicted CORRECT, probability : 0.2784
A0A077ZIK8_TRITR: Predicted ERROR, probability : 0.6217
L5KHM0_PTEAL: Predicted ERROR, probability : 0.9967
G0QUA5_ICHMG: Predicted ERROR, probability : 0.9628
A0A132AMT7_SARSC: Predicted ERROR, probability : 0.7348
A0A0N5DRL2_TRIMR: Predicted CORRECT, probability : 0.4477
A0A0V0QWI5_PSEPJ: Predicted ERROR, probability : 0.6323
E2RRL8_CANLF: Predicted CORRECT, probability : 0.3771
A0A0N4Y0Q6_NIPBR: Predicted ERROR, probability : 0.9926
W5QFP5_SHEEP: Predicted ERROR, probability : 0.6245
F0VGR2_NEOCL: Predicted ERROR, probability : 0.9498
A0A132ADH9_SARSC: Predicted CORRECT, probability : 0.2082
D2VRF8_NAEGR: Predicted CORRECT, probability : 0.1040
L1JQ89_GUITH: Predicted CORRECT, probability : 0.3362
A0A158Q6M4_DRAME: Predicted ERROR, probability : 0.5898
X6MMR6_RETFI: Predicted ERROR, probability : 0.9964
Q4GYG4_TRYB2: Predicted ERROR, probability : 0.6312
E1GJZ7_LOALO: Predicted ERROR, probability : 0.5233
W2YN75_PHYPR: Predicted ERROR, probability : 0.9349
H9IX60_BOMMO: Predicted ERROR, probability : 0.9971
A0A158QYB8_NIPBR: Predicted ERROR, probability : 0.8169
A0A067REY3_ZOONE: Predicted CORRECT, probability : 0.2821
A0A0L0HGZ5_SPIPN: Predicted CORRECT, probability : 0.3139
A0A0P7TMM5_9TELE: Predicted ERROR, probability : 0.8990
A0A0R3RHE0_9BILA: Predicted ERROR, probability : 0.9973
F1M285_RAT: Predicted CORRECT, probability : 0.4221
A0A0G4F9D8_VITBC: Predicted CORRECT, probability : 0.4696
A0A0K0ES23_STRER: Predicted CORRECT, probability : 0.4282
A0A0L0T9T0_ALLMA: Predicted ERROR, probability : 0.7765
H2MPC6_ORYLA: Predicted ERROR, probability : 0.9536
E4WX53_OIKDI: Predicted CORRECT, probability : 0.2878
C5KIW8_PERM5: Predicted ERROR, probability : 0.9998
F6V8F4_CIOIN: Predicted ERROR, probability : 0.8861
U3JG05_FICAL: Predicted ERROR, probability : 0.9738
A0A183CJN1_GLOPA: Predicted ERROR, probability : 0.8562
H2QQ41_PANTR: Predicted CORRECT, probability : 0.4203
W2T3D0_NECAM: Predicted ERROR, probability : 0.8959
C1N7C5_MICPC: Predicted ERROR, probability : 0.5932
E5RYK1_TRISP: Predicted ERROR, probability : 0.9350
A0A158N997_ATTCE: Predicted ERROR, probability : 0.8688
E5S242_TRISP: Predicted ERROR, probability : 0.9359
A0A151M038_ALLMI: Predicted ERROR, probability : 0.7395
H2YQF5_CIOSA: Predicted ERROR, probability : 0.9387
H9GG47_ANOCA: Predicted ERROR, probability : 0.6858
L1JFP4_GUITH: Predicted ERROR, probability : 0.8993
L5M9H5_MYODS: Predicted ERROR, probability : 0.9311
L5MBC6_MYODS: Predicted ERROR, probability : 0.9263
F1P3N5_CHICK: Predicted ERROR, probability : 0.7922
A0A0R3RK48_9BILA: Predicted CORRECT, probability : 0.2144
A4HI10_LEIBR: Predicted ERROR, probability : 0.7408
A0A158PLL8_ANGCS: Predicted ERROR, probability : 0.9709
B7PXZ3_IXOSC: Predicted CORRECT, probability : 0.1825
A0A0N4TW66_BRUPA: Predicted ERROR, probability : 0.9773
W5P769_SHEEP: Predicted ERROR, probability : 0.9096
H0WSU7_OTOGA: Predicted CORRECT, probability : 0.2717
M7BHW9_CHEMY: Predicted ERROR, probability : 0.9290
A0A158Q2T1_DRAME: Predicted ERROR, probability : 0.9964
A0A0J9XVG0_BRUMA: Predicted ERROR, probability : 0.9079
C3ZYE3_BRAFL: Predicted ERROR, probability : 0.9560
A0A183CE91_GLOPA: Predicted ERROR, probability : 0.9714
V8PB15_OPHHA: Predicted CORRECT, probability : 0.3360
A0A024G1K1_9STRA: Predicted ERROR, probability : 0.6802
E3MFS3_CAERE: Predicted ERROR, probability : 0.5617
A7S3C1_NEMVE: Predicted ERROR, probability : 0.5469
G3WF86_SARHA: Predicted ERROR, probability : 0.9907
I3IYB2_ORENI: Predicted ERROR, probability : 0.6364
B7QG96_IXOSC: Predicted ERROR, probability : 0.9684
A4HVW2_LEIIN: Predicted ERROR, probability : 0.6237
U6H456_9EIME: Predicted ERROR, probability : 1.0000
F6QMY3_MONDO: Predicted CORRECT, probability : 0.3599
A0A0N4YBJ2_NIPBR: Predicted ERROR, probability : 0.8913
H2ZEB0_CIOSA: Predicted ERROR, probability : 0.8535
X6NEQ1_RETFI: Predicted ERROR, probability : 0.8376
D0N6L3_PHYIT: Predicted ERROR, probability : 0.5582
A0A087X8G3_POEFO: Predicted ERROR, probability : 0.7202
I1FN75_AMPQE: Predicted ERROR, probability : 0.8918
A0A0L7LBP7_9NEOP: Predicted ERROR, probability : 0.9577
W5KAN4_ASTMX: Predicted ERROR, probability : 0.5158
G0MK79_CAEBE: Predicted ERROR, probability : 0.9818
L1J7Q0_GUITH: Predicted CORRECT, probability : 0.1815
B3RR15_TRIAD: Predicted CORRECT, probability : 0.1516
A0A0N5D5E3_THECL: Predicted CORRECT, probability : 0.4294
M3XIP9_LATCH: Predicted ERROR, probability : 0.9927
H3DYA5_PRIPA: Predicted ERROR, probability : 0.9982
A0A154PRD2_9HYME: Predicted CORRECT, probability : 0.4323
G0R0W6_ICHMG: Predicted ERROR, probability : 0.9974
W5JSM4_ANODA: Predicted ERROR, probability : 0.8968
M3W6A3_FELCA: Predicted ERROR, probability : 0.5510
F2UKV5_SALR5: Predicted CORRECT, probability : 0.4474
A0A0D2MXQ8_9CHLO: Predicted ERROR, probability : 0.8619
D8LC08_ECTSI: Predicted ERROR, probability : 0.6405
G3SZ68_LOXAF: Predicted CORRECT, probability : 0.4431
U3JSU8_FICAL: Predicted ERROR, probability : 0.7505
K3XBX6_PYTUL: Predicted ERROR, probability : 0.9121
S7NK02_MYOBR: Predicted ERROR, probability : 0.7433
F7H903_MACMU: Predicted CORRECT, probability : 0.2583
A0A0L0TBM7_ALLMA: Predicted ERROR, probability : 0.7302
G6D473_DANPL: Predicted ERROR, probability : 0.5380
A0A077ZB09_TRITR: Predicted ERROR, probability : 0.8334
F4WTS3_ACREC: Predicted ERROR, probability : 0.9581
A0A154PBB3_9HYME: Predicted ERROR, probability : 0.6938
A0A0L0CAS7_LUCCU: Predicted ERROR, probability : 0.5051
W4Y6U2_STRPU: Predicted ERROR, probability : 0.9347
H3G5F9_PHYRM: Predicted CORRECT, probability : 0.2282
A0A0P7TNM9_9TELE: Predicted ERROR, probability : 0.9952
W2TZ29_NECAM: Predicted ERROR, probability : 0.9572
L5KVD7_PTEAL: Predicted CORRECT, probability : 0.4436
A7SA52_NEMVE: Predicted ERROR, probability : 0.7249
A0A0K0DSQ7_STRER: Predicted CORRECT, probability : 0.4932
L9KTN3_TUPCH: Predicted ERROR, probability : 0.9545
A0A094ZHY9_SCHHA: Predicted ERROR, probability : 0.6547
K3X8B7_PYTUL: Predicted ERROR, probability : 0.9825
A0A0B2VAS7_TOXCA: Predicted CORRECT, probability : 0.4079
G1RV53_NOMLE: Predicted CORRECT, probability : 0.2235
D8LN08_ECTSI: Predicted ERROR, probability : 0.6694
F9WEE0_TRYCI: Predicted ERROR, probability : 0.6259
A0A094ZHY0_SCHHA: Predicted ERROR, probability : 0.9998
A0A0N4XMR1_NIPBR: Predicted ERROR, probability : 1.0000
F4W6I5_ACREC: Predicted CORRECT, probability : 0.3033
A0A132A4K1_SARSC: Predicted CORRECT, probability : 0.2140
A0A074TG63_HAMHA: Predicted CORRECT, probability : 0.4972
A0A194QVK1_PAPMA: Predicted CORRECT, probability : 0.3140
A0A0M0JGN9_9EUKA: Predicted CORRECT, probability : 0.4576
A0A132AFF8_SARSC: Predicted ERROR, probability : 0.9981
X6MKA7_RETFI: Predicted ERROR, probability : 0.7500
C5KCZ4_PERM5: Predicted ERROR, probability : 0.9008
A0A0P7UNM4_9TELE: Predicted ERROR, probability : 0.7915
A0A0R3PJF7_ANGCS: Predicted ERROR, probability : 0.9998
R4G3C9_RHOPR: Predicted ERROR, probability : 0.9784
U4UK84_DENPD: Predicted CORRECT, probability : 0.1666
W2TIN0_NECAM: Predicted ERROR, probability : 0.9766
A0A151MNW9_ALLMI: Predicted ERROR, probability : 0.9670
F1PMK6_CANLF: Predicted ERROR, probability : 0.9124
H0XTE1_OTOGA: Predicted ERROR, probability : 0.8076
A0A074YYQ2_9TREM: Predicted ERROR, probability : 0.9617
U6NN38_HAECO: Predicted ERROR, probability : 0.8567
A0A0J7KYY5_LASNI: Predicted ERROR, probability : 0.9901
D7FPE8_ECTSI: Predicted ERROR, probability : 0.8656
T1HIA6_RHOPR: Predicted ERROR, probability : 0.9626
A0A0B2W3Z8_TOXCA: Predicted CORRECT, probability : 0.3792
I3MZR6_ICTTR: Predicted ERROR, probability : 0.9940
G7YPH4_CLOSI: Predicted ERROR, probability : 0.7993
A0A0B2UR27_TOXCA: Predicted CORRECT, probability : 0.4489
G4VMY2_SCHMA: Predicted ERROR, probability : 0.9005
S9U7B2_9TRYP: Predicted ERROR, probability : 0.6199
I3JHX4_ORENI: Predicted CORRECT, probability : 0.2303
V6TXM2_GIAIN: Predicted ERROR, probability : 0.7732
U6PX01_HAECO: Predicted CORRECT, probability : 0.3895
C3Z2B9_BRAFL: Predicted ERROR, probability : 0.8111
H2R2S2_PANTR: Predicted ERROR, probability : 0.6713
A0A0N5A3K0_PARTI: Predicted CORRECT, probability : 0.4748
K7FS03_PELSI: Predicted ERROR, probability : 0.9641
H2LGU6_ORYLA: Predicted ERROR, probability : 0.9729
T1KSQ0_TETUR: Predicted CORRECT, probability : 0.2903
S9VG80_9TRYP: Predicted ERROR, probability : 0.8248
F6PP46_MONDO: Predicted ERROR, probability : 0.7462
W4YNQ9_STRPU: Predicted CORRECT, probability : 0.2679
Q3SE80_PARTE: Predicted ERROR, probability : 0.6487
D2A2G0_TRICA: Predicted CORRECT, probability : 0.3283
E0VFJ8_PEDHC: Predicted ERROR, probability : 0.9648
A9US50_MONBE: Predicted ERROR, probability : 0.7047
L9JPR5_TUPCH: Predicted ERROR, probability : 0.9999
A8XUK4_CAEBR: Predicted ERROR, probability : 0.9942
G1NXM3_MYOLU: Predicted ERROR, probability : 0.8736
A0A0R3S517_9BILA: Predicted ERROR, probability : 0.7754
W5M3R4_LEPOC: Predicted ERROR, probability : 0.9999
A0A139A4E2_GONPR: Predicted ERROR, probability : 0.8644
E4XFG8_OIKDI: Predicted ERROR, probability : 0.8800
W6LGD6_9TRYP: Predicted ERROR, probability : 0.5311
F2UP53_SALR5: Predicted ERROR, probability : 0.6609
A7RZZ8_NEMVE: Predicted ERROR, probability : 0.5021
T1JL36_STRMM: Predicted ERROR, probability : 0.9317
B4KFI6_DROMO: Predicted ERROR, probability : 0.7432
A0A0G4INI7_PLABS: Predicted ERROR, probability : 0.6353
T1IEA4_RHOPR: Predicted ERROR, probability : 0.9919
A0A0L0DRW6_THETB: Predicted ERROR, probability : 0.7319
A0A0N5E0Z5_TRIMR: Predicted CORRECT, probability : 0.3140
D8LMB8_ECTSI: Predicted ERROR, probability : 0.6442
A0A183BPI1_GLOPA: Predicted ERROR, probability : 0.7135
A0A0G4IN17_PLABS: Predicted CORRECT, probability : 0.4311
H0XFB0_OTOGA: Predicted CORRECT, probability : 0.3198
B0WHK9_CULQU: Predicted ERROR, probability : 0.9999
G0MLH4_CAEBE: Predicted ERROR, probability : 0.8706
T1HMQ0_RHOPR: Predicted ERROR, probability : 0.9184
K3WUB9_PYTUL: Predicted CORRECT, probability : 0.4343
A0A091CQR8_FUKDA: Predicted CORRECT, probability : 0.2559
A0A194Q979_PAPXU: Predicted ERROR, probability : 0.9713
R1DH87_EMIHU: Predicted ERROR, probability : 0.9997
W5LJ82_ASTMX: Predicted ERROR, probability : 0.9934
A0A095C0Z5_SCHHA: Predicted CORRECT, probability : 0.3242
H0XC64_OTOGA: Predicted CORRECT, probability : 0.1628
A7SJU1_NEMVE: Predicted CORRECT, probability : 0.4252
A0A0G4ELX0_VITBC: Predicted CORRECT, probability : 0.4682
D8LTW8_ECTSI: Predicted ERROR, probability : 0.9806
H3GA73_PHYRM: Predicted ERROR, probability : 0.5433
H3ACW2_LATCH: Predicted ERROR, probability : 0.6550
A0A194QQS4_PAPMA: Predicted CORRECT, probability : 0.2754
F7EQ74_ORNAN: Predicted ERROR, probability : 0.8910
A0A0L7R9T5_9HYME: Predicted ERROR, probability : 0.8887
K1QDK8_CRAGI: Predicted ERROR, probability : 0.9918
H3AX78_LATCH: Predicted ERROR, probability : 0.9996
A0A0D9RN20_CHLSB: Predicted CORRECT, probability : 0.2938
R1EVH0_EMIHU: Predicted ERROR, probability : 0.6111
A0A194QW45_PAPMA: Predicted ERROR, probability : 0.9568
A0A024GAQ7_9STRA: Predicted CORRECT, probability : 0.4355
U6PNT6_HAECO: Predicted CORRECT, probability : 0.4876
F7E4F6_MONDO: Predicted ERROR, probability : 0.7054
F6QTI8_XENTR: Predicted CORRECT, probability : 0.3700
E5SUG9_TRISP: Predicted ERROR, probability : 0.9119
F6ZZ65_CIOIN: Predicted ERROR, probability : 0.9566
G0QUX9_ICHMG: Predicted ERROR, probability : 0.9999
A0A0T6BH06_9SCAR: Predicted ERROR, probability : 0.9141
A0A0N4UB91_DRAME: Predicted ERROR, probability : 0.7776
A0A0N5CEF1_STREA: Predicted CORRECT, probability : 0.1558
F7DMU6_MONDO: Predicted ERROR, probability : 0.9672
E1BUV9_CHICK: Predicted CORRECT, probability : 0.0822
H2P625_PONAB: Predicted ERROR, probability : 0.6534
F2US57_SALR5: Predicted CORRECT, probability : 0.4542
A0A151WQC0_9HYME: Predicted ERROR, probability : 0.9994
A0A0R4IXP1_DANRE: Predicted ERROR, probability : 0.9897
V8NR12_OPHHA: Predicted ERROR, probability : 0.9966
E1G276_LOALO: Predicted CORRECT, probability : 0.2203
W5P852_SHEEP: Predicted CORRECT, probability : 0.1201
E3LMW1_CAERE: Predicted ERROR, probability : 0.7260
I3L6U7_PIG: Predicted ERROR, probability : 0.6935
A0A0Q9XI51_DROMO: Predicted ERROR, probability : 0.9908
B4NT84_DROSI: Predicted ERROR, probability : 0.9848
H3F5B6_PRIPA: Predicted ERROR, probability : 0.9994
H3FMD9_PRIPA: Predicted ERROR, probability : 0.8876
U4U829_DENPD: Predicted CORRECT, probability : 0.1655
A0A0L9UFN1_PHAAN: Predicted ERROR, probability : 0.9423
G5C8M2_HETGA: Predicted ERROR, probability : 0.5959
Q7Q2M8_ANOGA: Predicted ERROR, probability : 0.9884
A0A0T6B888_9SCAR: Predicted ERROR, probability : 0.6560
E1GAU0_LOALO: Predicted CORRECT, probability : 0.4507
H3E7Q4_PRIPA: Predicted ERROR, probability : 0.9261
A0A067BQG6_SAPPC: Predicted ERROR, probability : 0.8320
B4I7P4_DROSE: Predicted CORRECT, probability : 0.4355
W5NE82_LEPOC: Predicted ERROR, probability : 0.9091
W4XAM9_STRPU: Predicted ERROR, probability : 0.9963
I1E5W9_AMPQE: Predicted ERROR, probability : 0.9987
M3WKW0_FELCA: Predicted CORRECT, probability : 0.3437
H9KX96_CALJA: Predicted CORRECT, probability : 0.4588
A0A078A8X4_STYLE: Predicted ERROR, probability : 0.9939
A0A158QYG1_NIPBR: Predicted ERROR, probability : 0.9990
G3PIC2_GASAC: Predicted ERROR, probability : 0.6845
A0A024G8A2_9STRA: Predicted ERROR, probability : 0.7971
B6KHN1_TOXGV: Predicted ERROR, probability : 0.8746
W4XPH5_STRPU: Predicted CORRECT, probability : 0.2370
S9URU1_9TRYP: Predicted ERROR, probability : 0.9940
A0A0W8B5F2_PHYNI: Predicted CORRECT, probability : 0.4133
A0A0M9G5S3_9TRYP: Predicted ERROR, probability : 0.5245
G5BRE7_HETGA: Predicted ERROR, probability : 0.7815
V6U1A3_GIAIN: Predicted ERROR, probability : 0.9782
F0Y179_AURAN: Predicted ERROR, probability : 0.5033
A0A183IS31_9BILA: Predicted ERROR, probability : 0.9896
H3CWU4_TETNG: Predicted ERROR, probability : 0.8680
T0NN20_CAMFR: Predicted ERROR, probability : 0.9729
F4NSL0_BATDJ: Predicted CORRECT, probability : 0.4824
A0A0D2M4P4_9CHLO: Predicted ERROR, probability : 0.9981
M7CCT6_CHEMY: Predicted ERROR, probability : 0.9998
A0A151MGW5_ALLMI: Predicted ERROR, probability : 0.8565
A0A0N4TJ37_BRUPA: Predicted ERROR, probability : 0.8239
B0W1I5_CULQU: Predicted ERROR, probability : 0.9835
A0A0L0D5Q7_THETB: Predicted ERROR, probability : 0.6063
W4XKH6_STRPU: Predicted ERROR, probability : 0.9581
G1PT86_MYOLU: Predicted ERROR, probability : 0.9999
F7EC15_XENTR: Predicted ERROR, probability : 0.8774
A0A077ZAS1_TRITR: Predicted CORRECT, probability : 0.4395
V8P769_OPHHA: Predicted ERROR, probability : 0.5551
F0YK18_AURAN: Predicted ERROR, probability : 0.9951
A0A0R3PRV8_ANGCS: Predicted ERROR, probability : 0.9427
T1IPN7_STRMM: Predicted ERROR, probability : 0.8273
A0A0L0DL12_THETB: Predicted ERROR, probability : 0.5637
F6X9Y0_XENTR: Predicted ERROR, probability : 0.5428
H9J068_BOMMO: Predicted ERROR, probability : 0.9864
F5HK34_ANOGA: Predicted CORRECT, probability : 0.4512
A0A077ZY59_STYLE: Predicted ERROR, probability : 0.8700
W4YRA4_STRPU: Predicted ERROR, probability : 0.9146
A0A0N4VCE4_ENTVE: Predicted ERROR, probability : 0.9981
U6NZP0_HAECO: Predicted ERROR, probability : 0.6564
U6NNW6_HAECO: Predicted ERROR, probability : 0.9122
G7YC21_CLOSI: Predicted ERROR, probability : 0.9990
I3MIT5_ICTTR: Predicted CORRECT, probability : 0.1476
A0A0B2UU12_TOXCA: Predicted ERROR, probability : 0.7344
A0A0L0DRR9_THETB: Predicted CORRECT, probability : 0.4841
H2M4X9_ORYLA: Predicted ERROR, probability : 0.9968
K7JBD5_NASVI: Predicted ERROR, probability : 0.9959
H9JBL6_BOMMO: Predicted ERROR, probability : 0.7604
D8LTW5_ECTSI: Predicted ERROR, probability : 0.5273
A0A067BUM2_SAPPC: Predicted ERROR, probability : 0.9097
A9UQE8_MONBE: Predicted ERROR, probability : 0.9210
A0A0G4J500_PLABS: Predicted ERROR, probability : 0.7053
W6KHM9_9TRYP: Predicted ERROR, probability : 0.6262
U3KK29_FICAL: Predicted ERROR, probability : 0.8492
T1KAU0_TETUR: Predicted ERROR, probability : 0.8896
F0YP02_AURAN: Predicted ERROR, probability : 0.6137
J9I0G0_9SPIT: Predicted CORRECT, probability : 0.2185
A0A0G4EZB0_VITBC: Predicted ERROR, probability : 0.5470
A0A158PHJ3_ANGCS: Predicted CORRECT, probability : 0.4796
A0A151PG80_ALLMI: Predicted ERROR, probability : 0.9960
A0A0Q3NS44_AMAAE: Predicted ERROR, probability : 0.9921
E5T6H0_TRISP: Predicted ERROR, probability : 0.5758
E1B8R8_BOVIN: Predicted ERROR, probability : 0.5586
C5KZJ7_PERM5: Predicted ERROR, probability : 0.9876
C1MPJ1_MICPC: Predicted CORRECT, probability : 0.4609
A0A0D2MTC3_9CHLO: Predicted ERROR, probability : 0.8906
G7PMB1_MACFA: Predicted ERROR, probability : 0.6408
G3SBA0_GORGO: Predicted ERROR, probability : 0.9997
H2Q1F4_PANTR: Predicted CORRECT, probability : 0.3475
B7Q560_IXOSC: Predicted ERROR, probability : 0.8614
C5LN48_PERM5: Predicted ERROR, probability : 0.5226
A0A0L7LCV5_9NEOP: Predicted ERROR, probability : 0.9647
A0A096MNW8_PAPAN: Predicted ERROR, probability : 0.5187
B0WLK0_CULQU: Predicted CORRECT, probability : 0.1522
T1JGE4_STRMM: Predicted ERROR, probability : 0.8483
M3Z0E8_MUSPF: Predicted ERROR, probability : 0.9855
A0A0K0DNK3_ANGCA: Predicted ERROR, probability : 0.8997
J9FAV5_9SPIT: Predicted ERROR, probability : 0.9561
S9WXN6_9TRYP: Predicted ERROR, probability : 0.9221
H0WJQ5_OTOGA: Predicted CORRECT, probability : 0.2866
B4N2G2_DROWI: Predicted ERROR, probability : 0.5271
U3KCY4_FICAL: Predicted CORRECT, probability : 0.3393
A0A067R087_ZOONE: Predicted ERROR, probability : 0.9376
A9V3H9_MONBE: Predicted ERROR, probability : 0.5745
F7CR52_HORSE: Predicted ERROR, probability : 0.6533
B4QG25_DROSI: Predicted CORRECT, probability : 0.4029
A0A0L7R1U8_9HYME: Predicted ERROR, probability : 0.9908
A0A091E5J9_FUKDA: Predicted ERROR, probability : 0.7768
A0A067QNW7_ZOONE: Predicted ERROR, probability : 0.9957
G3VHQ8_SARHA: Predicted ERROR, probability : 0.9728
U1NVK8_ASCSU: Predicted ERROR, probability : 0.9939
B7PHC5_IXOSC: Predicted ERROR, probability : 0.9411
D7G4K8_ECTSI: Predicted ERROR, probability : 0.5988
T1FAN3_HELRO: Predicted ERROR, probability : 0.9988
W5J3B6_ANODA: Predicted CORRECT, probability : 0.4497
A0A077ZET2_TRITR: Predicted ERROR, probability : 0.8814
S7Q6Z2_MYOBR: Predicted ERROR, probability : 0.7662
A0A0V0QEV5_PSEPJ: Predicted ERROR, probability : 0.9998
H2YKL4_CIOSA: Predicted ERROR, probability : 0.9982
A0A0G4J0S8_PLABS: Predicted CORRECT, probability : 0.4917
A0A0D2MZJ7_9CHLO: Predicted ERROR, probability : 0.6031
A0A0D8XG01_DICVI: Predicted ERROR, probability : 0.9994
G5AKE4_HETGA: Predicted CORRECT, probability : 0.2435
S9XT29_CAMFR: Predicted ERROR, probability : 0.9993
A0A0M0JBD0_9EUKA: Predicted ERROR, probability : 0.7953
V8NXV9_OPHHA: Predicted ERROR, probability : 0.9998
K7FCT6_PELSI: Predicted ERROR, probability : 0.8858
T1JX53_TETUR: Predicted ERROR, probability : 0.5837
N6TE63_DENPD: Predicted ERROR, probability : 0.7254
K3WT36_PYTUL: Predicted ERROR, probability : 0.5498
G1LGY7_AILME: Predicted CORRECT, probability : 0.2601
X6NC44_RETFI: Predicted ERROR, probability : 0.9934
G3PLE4_GASAC: Predicted ERROR, probability : 0.8814
A0A077YX28_TRITR: Predicted ERROR, probability : 1.0000
Q231T4_TETTS: Predicted ERROR, probability : 0.6929
A0A0D9RUP7_CHLSB: Predicted ERROR, probability : 0.7548
F6QAP7_MONDO: Predicted CORRECT, probability : 0.4275
X6MBP4_RETFI: Predicted ERROR, probability : 0.9937
F2TYE0_SALR5: Predicted ERROR, probability : 0.5911
I1FJX1_AMPQE: Predicted ERROR, probability : 0.5161
T1HY60_RHOPR: Predicted ERROR, probability : 0.8497
E0VD41_PEDHC: Predicted CORRECT, probability : 0.1390
J9GCY5_9SPIT: Predicted ERROR, probability : 0.5737
I3MFS4_ICTTR: Predicted CORRECT, probability : 0.3524
W6U9G9_ECHGR: Predicted ERROR, probability : 0.9475
A0A024G1W2_9STRA: Predicted ERROR, probability : 0.6585
A0A0N4YLA9_NIPBR: Predicted ERROR, probability : 0.8839
W5NCP5_LEPOC: Predicted CORRECT, probability : 0.4067
A0A0D8XTB0_DICVI: Predicted ERROR, probability : 0.9649
W2R2K8_PHYPN: Predicted ERROR, probability : 0.9595
A0A0S4IYJ2_BODSA: Predicted CORRECT, probability : 0.4923
E1C3J8_CHICK: Predicted ERROR, probability : 0.9529
A0A090LTH6_STRRB: Predicted CORRECT, probability : 0.1212
A0A132AED3_SARSC: Predicted ERROR, probability : 0.9426
M3Y2I1_MUSPF: Predicted CORRECT, probability : 0.0823
U1MA65_ASCSU: Predicted ERROR, probability : 0.9784
G3THW0_LOXAF: Predicted ERROR, probability : 0.5695
A0A0Q3USQ4_AMAAE: Predicted ERROR, probability : 0.9755
G5BAW2_HETGA: Predicted ERROR, probability : 0.9957
I1FM04_AMPQE: Predicted ERROR, probability : 0.9070
M3WPF5_FELCA: Predicted ERROR, probability : 0.8973
G6D7L1_DANPL: Predicted ERROR, probability : 0.5871
F6W3E7_CALJA: Predicted CORRECT, probability : 0.4471
A9UU67_MONBE: Predicted ERROR, probability : 0.8341
A0A0P7YH18_9TELE: Predicted ERROR, probability : 0.8641
A0A176W2C4_MARPO: Predicted ERROR, probability : 0.9768
A0A0N5CRS9_THECL: Predicted ERROR, probability : 0.7723
A0A091DEG5_FUKDA: Predicted ERROR, probability : 0.9923
W2T9L8_NECAM: Predicted ERROR, probability : 0.9693
A8JF63_CHLRE: Predicted ERROR, probability : 0.8981
A8XA77_CAEBR: Predicted ERROR, probability : 0.9989
S9WUF9_CAMFR: Predicted ERROR, probability : 0.8334
T1FEE1_HELRO: Predicted ERROR, probability : 0.9742
A7S4V5_NEMVE: Predicted ERROR, probability : 0.8967
T1L0Y2_TETUR: Predicted ERROR, probability : 0.7185
A0A194R4B8_PAPMA: Predicted ERROR, probability : 0.9153
F0YFS0_AURAN: Predicted ERROR, probability : 0.6991
G3QRU9_GORGO: Predicted ERROR, probability : 0.9979
E0W305_PEDHC: Predicted CORRECT, probability : 0.4840
K1QJC8_CRAGI: Predicted ERROR, probability : 0.9997
A0A074ZZC8_9TREM: Predicted ERROR, probability : 0.9717
S7NNW4_MYOBR: Predicted ERROR, probability : 0.9687
E2AIL6_CAMFO: Predicted ERROR, probability : 0.8428
A0A0N4XL88_NIPBR: Predicted ERROR, probability : 0.9826
L5MA71_MYODS: Predicted CORRECT, probability : 0.3912
U3KEX1_FICAL: Predicted ERROR, probability : 0.9546
A4I587_LEIIN: Predicted ERROR, probability : 0.5914
L9L6G3_TUPCH: Predicted ERROR, probability : 0.8932
F6QSW6_MACMU: Predicted ERROR, probability : 0.8564
F0YIA4_AURAN: Predicted ERROR, probability : 0.8527
S9U312_9TRYP: Predicted ERROR, probability : 0.9201
A0A0N5D3C4_THECL: Predicted ERROR, probability : 0.6766
A0A0L0C708_LUCCU: Predicted CORRECT, probability : 0.4743
A0A0N5AFX7_9BILA: Predicted ERROR, probability : 0.5357
E0VBP2_PEDHC: Predicted CORRECT, probability : 0.4299
U4UBI2_DENPD: Predicted CORRECT, probability : 0.3391
U6PWR3_HAECO: Predicted ERROR, probability : 0.8937
W5L0U3_ASTMX: Predicted ERROR, probability : 0.6482
T0QJ46_9STRA: Predicted CORRECT, probability : 0.4821
T1FPQ8_HELRO: Predicted ERROR, probability : 0.9467
F1NMA9_CHICK: Predicted CORRECT, probability : 0.4703
A0A0J7K9A4_LASNI: Predicted ERROR, probability : 0.9882
A8X7A4_CAEBR: Predicted CORRECT, probability : 0.2693
E0VL22_PEDHC: Predicted ERROR, probability : 0.9995
V9EH23_PHYPR: Predicted ERROR, probability : 0.9595
H2KV67_CLOSI: Predicted ERROR, probability : 0.7006
D7FJQ1_ECTSI: Predicted ERROR, probability : 0.7126
Q29J74_DROPS: Predicted ERROR, probability : 0.5393
A0A087XBC5_POEFO: Predicted ERROR, probability : 0.6592
T1IN54_STRMM: Predicted ERROR, probability : 0.8706
A0A0F8B4C5_LARCR: Predicted ERROR, probability : 0.9545
H2PME6_PONAB: Predicted CORRECT, probability : 0.1389
T1HN23_RHOPR: Predicted ERROR, probability : 0.5649
A0A194QKR5_PAPXU: Predicted ERROR, probability : 0.9444
A0A0Q3PJA8_AMAAE: Predicted ERROR, probability : 0.9991
G0PL12_CAEBE: Predicted ERROR, probability : 0.9344
Q18106_CAEEL: Predicted ERROR, probability : 0.9928
A0A077YZJ5_TRITR: Predicted ERROR, probability : 0.9946
T0M6I2_CAMFR: Predicted ERROR, probability : 0.9993
A0A024T8H2_9STRA: Predicted CORRECT, probability : 0.2974
G4LW93_SCHMA: Predicted ERROR, probability : 0.9997
A0A0L7RDV5_9HYME: Predicted ERROR, probability : 0.9703
A0A096MVJ7_PAPAN: Predicted ERROR, probability : 0.8070
G1U012_RABIT: Predicted ERROR, probability : 0.9739
A0A074Z9J3_9TREM: Predicted ERROR, probability : 0.9764
A0A074ZUN8_9TREM: Predicted ERROR, probability : 0.9728
A0A0L7KYG6_9NEOP: Predicted CORRECT, probability : 0.1690
B0X4V5_CULQU: Predicted ERROR, probability : 0.7639
A0A0B2UQ92_TOXCA: Predicted ERROR, probability : 0.9696
Q17L57_AEDAE: Predicted ERROR, probability : 0.5199
G7YDN7_CLOSI: Predicted ERROR, probability : 0.7007
K3XAU7_PYTUL: Predicted CORRECT, probability : 0.3449
A0A139APA4_GONPR: Predicted ERROR, probability : 0.9552
A2FHN7_TRIVA: Predicted ERROR, probability : 0.5534
A0A026X1H5_CERBI: Predicted ERROR, probability : 0.9996
A0A096NYG3_PAPAN: Predicted CORRECT, probability : 0.2694
G4YVH6_PHYSP: Predicted CORRECT, probability : 0.4758
B3RNV0_TRIAD: Predicted CORRECT, probability : 0.4243
V6LQF6_9EUKA: Predicted ERROR, probability : 0.9305
G0MY08_CAEBE: Predicted ERROR, probability : 0.9974
F6UU75_XENTR: Predicted CORRECT, probability : 0.3344
S9UEA4_9TRYP: Predicted CORRECT, probability : 0.4946
E9HLR1_DAPPU: Predicted CORRECT, probability : 0.3971
A0A151X283_9HYME: Predicted CORRECT, probability : 0.4097
V8NP63_OPHHA: Predicted ERROR, probability : 0.9938
SDCG8_DANRE: Predicted CORRECT, probability : 0.4146
A0A0J7KYW6_LASNI: Predicted ERROR, probability : 0.7253
F4WHH8_ACREC: Predicted ERROR, probability : 0.9879
E4XVV5_OIKDI: Predicted ERROR, probability : 0.8447
Q7Q5W5_ANOGA: Predicted CORRECT, probability : 0.4183
A0A0Q3P3K1_AMAAE: Predicted ERROR, probability : 0.9983
E5SY15_TRISP: Predicted ERROR, probability : 0.9999
A0A0P7UWQ0_9TELE: Predicted ERROR, probability : 0.9954
K1QT73_CRAGI: Predicted ERROR, probability : 0.5819
G0NG53_CAEBE: Predicted ERROR, probability : 0.5212
F6Z899_ORNAN: Predicted ERROR, probability : 0.5768
A0A0P7UGW9_9TELE: Predicted ERROR, probability : 0.9057
D8LKV4_ECTSI: Predicted ERROR, probability : 0.9734
W4XFB5_STRPU: Predicted ERROR, probability : 0.7769
B3RJ12_TRIAD: Predicted CORRECT, probability : 0.3366
H2ZVT4_LATCH: Predicted ERROR, probability : 0.9026
U6NWB7_HAECO: Predicted ERROR, probability : 0.9195
G6CI51_DANPL: Predicted CORRECT, probability : 0.4559
X6MN26_RETFI: Predicted ERROR, probability : 0.9792
U4U1B9_DENPD: Predicted ERROR, probability : 0.8297
S9W5H1_CAMFR: Predicted ERROR, probability : 0.9628
G1KIP3_ANOCA: Predicted CORRECT, probability : 0.0893
E5S6Z6_TRISP: Predicted ERROR, probability : 0.9906
G3R8E0_GORGO: Predicted ERROR, probability : 0.7556
A0A151P2F5_ALLMI: Predicted CORRECT, probability : 0.1607
A0A026VXT6_CERBI: Predicted ERROR, probability : 0.9063
A0A0R3Q1I7_ANGCS: Predicted ERROR, probability : 1.0000
E9HT82_DAPPU: Predicted CORRECT, probability : 0.4139
A0A0N4VQP4_ENTVE: Predicted ERROR, probability : 0.9996
A0A0N5CLZ3_THECL: Predicted ERROR, probability : 0.5081
T1JN25_STRMM: Predicted ERROR, probability : 0.8600
J9P3I0_CANLF: Predicted ERROR, probability : 0.9467
E0VDR8_PEDHC: Predicted CORRECT, probability : 0.3026
A0A0R3TYF9_HYMNN: Predicted ERROR, probability : 0.8140
U1MQZ9_ASCSU: Predicted ERROR, probability : 0.6640
A0A158P6E8_ANGCA: Predicted ERROR, probability : 0.8823
A0A0N0DVH7_9TRYP: Predicted ERROR, probability : 0.6641
V8NZP0_OPHHA: Predicted ERROR, probability : 0.9917
A0A074Z8B0_9TREM: Predicted ERROR, probability : 0.9877
L8YI31_TUPCH: Predicted ERROR, probability : 0.6417
V4C0L9_LOTGI: Predicted ERROR, probability : 0.9694
D2V9Y2_NAEGR: Predicted ERROR, probability : 0.6716
A0A0L7LQI9_9NEOP: Predicted ERROR, probability : 0.9813
L5K2E4_PTEAL: Predicted ERROR, probability : 0.9780
I1FHC1_AMPQE: Predicted ERROR, probability : 0.6252
H2Y718_CIOSA: Predicted CORRECT, probability : 0.3964
W5JX09_ANODA: Predicted ERROR, probability : 0.9890
C3YW88_BRAFL: Predicted ERROR, probability : 0.8734
T1HIG5_RHOPR: Predicted ERROR, probability : 0.9955
A0A0W8BXS2_PHYNI: Predicted ERROR, probability : 0.8774
G4LWA2_SCHMA: Predicted ERROR, probability : 0.9733
A0A0R3PMB9_ANGCS: Predicted ERROR, probability : 0.9928
I3J4U2_ORENI: Predicted CORRECT, probability : 0.3280
X6NKM2_RETFI: Predicted ERROR, probability : 0.9999
F6UML6_ORNAN: Predicted CORRECT, probability : 0.4238
A8HYK1_CHLRE: Predicted ERROR, probability : 0.5980
F4WE11_ACREC: Predicted ERROR, probability : 0.9919
H0VMP6_CAVPO: Predicted ERROR, probability : 0.8809
V8P7R8_OPHHA: Predicted CORRECT, probability : 0.2314
S7NMU2_MYOBR: Predicted ERROR, probability : 0.7235
W4YMR2_STRPU: Predicted ERROR, probability : 0.7309
A0A0L0DKV4_THETB: Predicted ERROR, probability : 0.6828
G1LRW4_AILME: Predicted ERROR, probability : 0.7262
A0A0Q3NFF7_AMAAE: Predicted ERROR, probability : 0.9975
A0A0J7L6G1_LASNI: Predicted ERROR, probability : 0.8424
A0A151XGI9_9HYME: Predicted ERROR, probability : 0.9074
A0A0B2UXS5_TOXCA: Predicted ERROR, probability : 0.6156
Q17MR4_AEDAE: Predicted CORRECT, probability : 0.2666
W4XP81_STRPU: Predicted CORRECT, probability : 0.2870
Q4Q7P7_LEIMA: Predicted ERROR, probability : 0.7467
K1QNC8_CRAGI: Predicted ERROR, probability : 0.9964
M3XFE7_FELCA: Predicted CORRECT, probability : 0.3397
K7G672_PELSI: Predicted CORRECT, probability : 0.4020
G1RFG0_NOMLE: Predicted ERROR, probability : 0.7492
J9FWB3_9SPIT: Predicted CORRECT, probability : 0.3891
W5JQZ5_ANODA: Predicted ERROR, probability : 0.5668
A0A0W8BYL7_PHYNI: Predicted ERROR, probability : 0.9628
FRITZ_HUMAN: Predicted ERROR, probability : 0.6932
A0A0N5E216_TRIMR: Predicted ERROR, probability : 0.7571
S9X558_CAMFR: Predicted ERROR, probability : 0.9752
A0A095AGH2_SCHHA: Predicted ERROR, probability : 0.6288
A0A0J7L2Z2_LASNI: Predicted ERROR, probability : 0.9827
A0A0L0C437_LUCCU: Predicted CORRECT, probability : 0.4466
U6PCU9_HAECO: Predicted ERROR, probability : 0.5602
H2RV16_TAKRU: Predicted CORRECT, probability : 0.2909
G3VZE5_SARHA: Predicted CORRECT, probability : 0.0552
E9HLA0_DAPPU: Predicted ERROR, probability : 0.6808
A0A0N4V633_ENTVE: Predicted ERROR, probability : 0.9998
K1QAR1_CRAGI: Predicted CORRECT, probability : 0.2097
W6L0G6_9TRYP: Predicted ERROR, probability : 0.7940
H2XNP6_CIOIN: Predicted ERROR, probability : 0.9947
E4X815_OIKDI: Predicted CORRECT, probability : 0.3484
A0A078AVA6_STYLE: Predicted CORRECT, probability : 0.4478
A9TVU1_PHYPA: Predicted ERROR, probability : 0.5064
C5LJ88_PERM5: Predicted ERROR, probability : 0.5198
U3JJ66_FICAL: Predicted CORRECT, probability : 0.0865
A0A061IZW5_TRYRA: Predicted ERROR, probability : 0.9901
A0A154P3J0_9HYME: Predicted ERROR, probability : 0.9348
A0A091EMF5_FUKDA: Predicted CORRECT, probability : 0.3064
A0A183A5T8_9TREM: Predicted ERROR, probability : 0.9779
C5KJE9_PERM5: Predicted ERROR, probability : 0.8938
A0A0N5DZF4_TRIMR: Predicted ERROR, probability : 0.9513
L8Y3M0_TUPCH: Predicted CORRECT, probability : 0.3656
V4ARC4_LOTGI: Predicted ERROR, probability : 0.7931
S9VQC5_9TRYP: Predicted ERROR, probability : 0.7261
M7BLP7_CHEMY: Predicted ERROR, probability : 0.9893
E2AM43_CAMFO: Predicted CORRECT, probability : 0.4706
U3K0T5_FICAL: Predicted CORRECT, probability : 0.3389
F6YTD1_ORNAN: Predicted CORRECT, probability : 0.3979
H2YY40_CIOSA: Predicted ERROR, probability : 0.9983
S9WFZ2_9TRYP: Predicted ERROR, probability : 0.9440
V8P938_OPHHA: Predicted ERROR, probability : 0.5596
E5S6G3_TRISP: Predicted ERROR, probability : 0.9953
J9NVH9_CANLF: Predicted CORRECT, probability : 0.2951
A0CKD4_PARTE: Predicted ERROR, probability : 0.9821
A0A183JAJ7_9BILA: Predicted ERROR, probability : 0.9988
A0A0D8Y273_DICVI: Predicted ERROR, probability : 0.6554
B3RW68_TRIAD: Predicted ERROR, probability : 0.9952
U3KA66_FICAL: Predicted CORRECT, probability : 0.3445
L5LUJ9_MYODS: Predicted ERROR, probability : 0.5027
H2Z2Z3_CIOSA: Predicted ERROR, probability : 0.9738
G4M289_SCHMA: Predicted ERROR, probability : 1.0000
A0A183APX3_9TREM: Predicted ERROR, probability : 0.9482
U1MTI6_ASCSU: Predicted ERROR, probability : 0.7214
B4LLH6_DROVI: Predicted CORRECT, probability : 0.4662
A0A095CDS9_SCHHA: Predicted CORRECT, probability : 0.3090
A0A194Q555_PAPXU: Predicted ERROR, probability : 0.9680
G6DDV4_DANPL: Predicted CORRECT, probability : 0.0647
W2TKW8_NECAM: Predicted ERROR, probability : 0.9850
G0P085_CAEBE: Predicted CORRECT, probability : 0.3788
G6D351_DANPL: Predicted ERROR, probability : 0.5111
K0RSF4_THAOC: Predicted ERROR, probability : 0.7641
L5KPQ6_PTEAL: Predicted ERROR, probability : 0.5221
B7QBS1_IXOSC: Predicted ERROR, probability : 0.9981
A0A0N5AHG3_9BILA: Predicted CORRECT, probability : 0.2745
L9KKP9_TUPCH: Predicted ERROR, probability : 0.9856
L5KGB9_PTEAL: Predicted ERROR, probability : 0.5327
A0A0N4U336_DRAME: Predicted ERROR, probability : 0.9296
M7B384_CHEMY: Predicted CORRECT, probability : 0.4590
C3ZXE5_BRAFL: Predicted ERROR, probability : 0.5054
A0A0N8JWN9_9TELE: Predicted ERROR, probability : 0.9744
D2UZG5_NAEGR: Predicted CORRECT, probability : 0.4871
H2YNN2_CIOSA: Predicted ERROR, probability : 0.8563
G4VAW8_SCHMA: Predicted ERROR, probability : 0.9086
F7H279_MACMU: Predicted CORRECT, probability : 0.4663
G6DAA6_DANPL: Predicted ERROR, probability : 0.7215
A0A131ZVY5_SARSC: Predicted ERROR, probability : 0.7968
A0A0Q3X151_AMAAE: Predicted ERROR, probability : 0.9258
G4V987_SCHMA: Predicted ERROR, probability : 0.6442
F7A6Y6_HORSE: Predicted CORRECT, probability : 0.2669
A0A075AI93_9TREM: Predicted ERROR, probability : 0.8052
A0A158NV12_ATTCE: Predicted CORRECT, probability : 0.4929
A0A0B2W5N6_TOXCA: Predicted ERROR, probability : 0.6474
Q28WL3_DROPS: Predicted CORRECT, probability : 0.4770
D8U9W7_VOLCA: Predicted ERROR, probability : 0.8200
A0A0R3UKA0_9CEST: Predicted ERROR, probability : 0.9066
E3LZ78_CAERE: Predicted ERROR, probability : 0.9981
A6QQN3_BOVIN: Predicted ERROR, probability : 0.9280
A0A067BYV7_SAPPC: Predicted ERROR, probability : 0.9777
K3WZB3_PYTUL: Predicted CORRECT, probability : 0.4756
K7EE43_ORNAN: Predicted ERROR, probability : 0.7255
H0VYD3_CAVPO: Predicted ERROR, probability : 0.9917
T1IBT8_RHOPR: Predicted ERROR, probability : 0.8681
G7YRB8_CLOSI: Predicted ERROR, probability : 0.9861
H0V4N5_CAVPO: Predicted CORRECT, probability : 0.2926
K7FNG7_PELSI: Predicted ERROR, probability : 0.7958
G4VQ40_SCHMA: Predicted ERROR, probability : 0.9714
A0A194Q8A3_PAPXU: Predicted ERROR, probability : 0.8053
A0A0L0BP76_LUCCU: Predicted ERROR, probability : 0.7429
G7PFB8_MACFA: Predicted ERROR, probability : 0.8170
A0A0L7R3T5_9HYME: Predicted ERROR, probability : 0.6344
M3Y536_MUSPF: Predicted CORRECT, probability : 0.1860
A0A151N8X3_ALLMI: Predicted CORRECT, probability : 0.2843
G6D0W2_DANPL: Predicted ERROR, probability : 0.9795
A0A090LHJ8_STRRB: Predicted ERROR, probability : 0.8156
S9WAQ4_CAMFR: Predicted ERROR, probability : 0.7098
A0A194QWL4_PAPMA: Predicted ERROR, probability : 0.8288
A0A095C034_SCHHA: Predicted ERROR, probability : 0.6267
E3MFB0_CAERE: Predicted ERROR, probability : 0.7638
S9VGG5_9TRYP: Predicted ERROR, probability : 0.7601
C5K856_PERM5: Predicted ERROR, probability : 0.8490
A0A0K0DQS2_ANGCA: Predicted ERROR, probability : 1.0000
A0A0G4FM83_VITBC: Predicted CORRECT, probability : 0.4362
G7YW87_CLOSI: Predicted ERROR, probability : 0.9795
A0A067QHW0_ZOONE: Predicted ERROR, probability : 0.8403
A0A0N4UER5_DRAME: Predicted ERROR, probability : 0.9976
G0NCM0_CAEBE: Predicted CORRECT, probability : 0.3037
A0A0D8XYE9_DICVI: Predicted ERROR, probability : 0.9143
D2VGV9_NAEGR: Predicted CORRECT, probability : 0.2673
S9TWC6_9TRYP: Predicted ERROR, probability : 0.6528
E2ABI1_CAMFO: Predicted ERROR, probability : 0.9324
G0QTI4_ICHMG: Predicted ERROR, probability : 0.9816
C5KB09_PERM5: Predicted ERROR, probability : 0.8755
A0A0T6B7J9_9SCAR: Predicted ERROR, probability : 0.9999
B4LTL5_DROVI: Predicted ERROR, probability : 0.5912
F7BTA0_HORSE: Predicted ERROR, probability : 0.9897
I3KCZ4_ORENI: Predicted CORRECT, probability : 0.3197
W5KIU0_ASTMX: Predicted CORRECT, probability : 0.3441
F6PTH6_XENTR: Predicted CORRECT, probability : 0.3789
A8HMT4_CHLRE: Predicted ERROR, probability : 0.9913
Q4QBL0_LEIMA: Predicted ERROR, probability : 0.6067
H2R6Z7_PANTR: Predicted ERROR, probability : 0.8540
A0A132A3B4_SARSC: Predicted ERROR, probability : 0.9631
A0A096NA64_PAPAN: Predicted CORRECT, probability : 0.3272
A8XRG6_CAEBR: Predicted ERROR, probability : 0.9853
A0A078BAX5_STYLE: Predicted CORRECT, probability : 0.2918
H0WG94_OTOGA: Predicted CORRECT, probability : 0.2755
A0A075AJT9_9TREM: Predicted ERROR, probability : 0.9742
Q7PW09_ANOGA: Predicted ERROR, probability : 0.8791
C1FDK7_MICCC: Predicted CORRECT, probability : 0.1546
A0A0D8XP81_DICVI: Predicted ERROR, probability : 0.9433
F2UFD6_SALR5: Predicted ERROR, probability : 0.9717
A0A0K0J7N8_BRUMA: Predicted CORRECT, probability : 0.1634
A0A096M5A9_POEFO: Predicted CORRECT, probability : 0.4424
A0A0F8CG33_LARCR: Predicted CORRECT, probability : 0.4886
A8X9X0_CAEBR: Predicted ERROR, probability : 0.9937
W4FHA7_9STRA: Predicted CORRECT, probability : 0.4203
W6KP47_9TRYP: Predicted CORRECT, probability : 0.4583
D8UFW5_VOLCA: Predicted ERROR, probability : 0.9262
A0A067QWM4_ZOONE: Predicted CORRECT, probability : 0.2798
Q4DQ54_TRYCC: Predicted ERROR, probability : 0.7896
G5ANN6_HETGA: Predicted ERROR, probability : 0.9964
W2TSC9_NECAM: Predicted ERROR, probability : 0.8247
A0A0V0QP26_PSEPJ: Predicted CORRECT, probability : 0.1814
V4YV31_TOXGV: Predicted CORRECT, probability : 0.4383
E7F6E0_DANRE: Predicted CORRECT, probability : 0.1400
A8XGG2_CAEBR: Predicted ERROR, probability : 0.9995
A0A067RAV1_ZOONE: Predicted ERROR, probability : 0.7056
T1IM01_STRMM: Predicted ERROR, probability : 0.6546
A0A158Q4P0_DRAME: Predicted ERROR, probability : 0.9918
A0A183ICB4_9BILA: Predicted ERROR, probability : 0.9992
A0A183AIJ3_9TREM: Predicted ERROR, probability : 0.9975
R1D9D6_EMIHU: Predicted ERROR, probability : 0.9371
W5NZN3_SHEEP: Predicted ERROR, probability : 0.7533
G0QWR3_ICHMG: Predicted CORRECT, probability : 0.1004
A0A194Q0F0_PAPXU: Predicted ERROR, probability : 0.9506
A0A0W8CRE0_PHYNI: Predicted ERROR, probability : 0.5109
A0A183CLC5_GLOPA: Predicted ERROR, probability : 0.7615
A0A0P7VI65_9TELE: Predicted ERROR, probability : 0.9652
S9WR29_9TRYP: Predicted ERROR, probability : 0.6520
E3NSB7_CAERE: Predicted ERROR, probability : 0.6174
A0A154P1T7_9HYME: Predicted ERROR, probability : 0.7240
G3VFR9_SARHA: Predicted ERROR, probability : 0.5041
A0A0Q3PA18_AMAAE: Predicted CORRECT, probability : 0.3581
H2LB78_ORYLA: Predicted ERROR, probability : 0.9927
A0A094ZQZ1_SCHHA: Predicted ERROR, probability : 0.6651
A0A0D8Y0V9_DICVI: Predicted ERROR, probability : 0.6032
D2V8J4_NAEGR: Predicted ERROR, probability : 0.5097
G1QTN2_NOMLE: Predicted ERROR, probability : 0.8624
A0A024GM19_9STRA: Predicted ERROR, probability : 0.6773
V4BHA5_LOTGI: Predicted CORRECT, probability : 0.2831
A0A0D2MQ54_9CHLO: Predicted ERROR, probability : 0.8478
M7BYF6_CHEMY: Predicted ERROR, probability : 0.9980
A0A0N1ITH1_9HYME: Predicted ERROR, probability : 0.6811
A0A183CD97_GLOPA: Predicted ERROR, probability : 0.7015
IFT74_CHLRE: Predicted ERROR, probability : 0.8956
E9H9W1_DAPPU: Predicted CORRECT, probability : 0.3772
E9AH05_LEIIN: Predicted ERROR, probability : 0.6276
W5M3Q4_LEPOC: Predicted CORRECT, probability : 0.3956
L5KM74_PTEAL: Predicted ERROR, probability : 0.6820
A0A0P7TT26_9TELE: Predicted ERROR, probability : 0.7966
V6LPV3_9EUKA: Predicted ERROR, probability : 0.9434
A0A0Q3LU71_AMAAE: Predicted ERROR, probability : 0.9987
A9UVT9_MONBE: Predicted ERROR, probability : 0.9755
A0A0N5AER1_9BILA: Predicted CORRECT, probability : 0.2301
B0W644_CULQU: Predicted ERROR, probability : 0.8029
C1MI95_MICPC: Predicted CORRECT, probability : 0.4670
G1P3P7_MYOLU: Predicted CORRECT, probability : 0.3852
A0A0M8ZV74_9HYME: Predicted ERROR, probability : 0.8809
I7MA22_TETTS: Predicted CORRECT, probability : 0.1719
A0A0Q3TM36_AMAAE: Predicted ERROR, probability : 0.9395
A0A0B2W068_TOXCA: Predicted ERROR, probability : 0.9979
A0A0L7LQE6_9NEOP: Predicted ERROR, probability : 0.9687
S9U0A0_9TRYP: Predicted ERROR, probability : 0.8268
K7FSV7_PELSI: Predicted ERROR, probability : 0.9208
G3WG80_SARHA: Predicted CORRECT, probability : 0.2435
A0A0P7X5W8_9TELE: Predicted ERROR, probability : 0.7906
W4YSB1_STRPU: Predicted ERROR, probability : 0.9809
L5MKB4_MYODS: Predicted ERROR, probability : 0.9203
G0QVY6_ICHMG: Predicted ERROR, probability : 0.9985
A0A0S4KEX6_BODSA: Predicted ERROR, probability : 0.6966
A0A094ZHV0_SCHHA: Predicted ERROR, probability : 0.6057
L5LQX7_MYODS: Predicted ERROR, probability : 0.5332
E4WWD2_OIKDI: Predicted ERROR, probability : 0.6993
W5MWM9_LEPOC: Predicted ERROR, probability : 0.9974
A9UTD3_MONBE: Predicted ERROR, probability : 0.9571
U1N6P8_ASCSU: Predicted ERROR, probability : 0.9379
C3XRE5_BRAFL: Predicted ERROR, probability : 0.8176
W4XAU7_STRPU: Predicted CORRECT, probability : 0.2549
A0A0G4IXU6_PLABS: Predicted CORRECT, probability : 0.2752
A0A067CVF7_SAPPC: Predicted ERROR, probability : 0.6768
A0A078ADS2_STYLE: Predicted CORRECT, probability : 0.2360
C1N2W8_MICPC: Predicted ERROR, probability : 0.5602
G1PPI5_MYOLU: Predicted ERROR, probability : 0.9904
V8PIC0_OPHHA: Predicted CORRECT, probability : 0.4214
D0P4B2_PHYIT: Predicted ERROR, probability : 0.5393
C3ZZT5_BRAFL: Predicted ERROR, probability : 0.9892
D2UYR4_NAEGR: Predicted CORRECT, probability : 0.1960
M3Z1A1_MUSPF: Predicted CORRECT, probability : 0.2848
E1BR95_CHICK: Predicted ERROR, probability : 0.8312
I1G3D8_AMPQE: Predicted ERROR, probability : 0.9173
C5L1U3_PERM5: Predicted ERROR, probability : 0.9669
K7FBG2_PELSI: Predicted ERROR, probability : 0.6728
A0A061IRX7_TRYRA: Predicted ERROR, probability : 0.6612
A0A194PI11_PAPXU: Predicted CORRECT, probability : 0.4492
L9JDP7_TUPCH: Predicted ERROR, probability : 0.9031
I3LSF7_PIG: Predicted ERROR, probability : 0.9686
U4UMR4_DENPD: Predicted ERROR, probability : 0.9477
A0A0N1ICY5_PAPMA: Predicted CORRECT, probability : 0.4469
A0A183BL13_GLOPA: Predicted ERROR, probability : 0.9783
L1K4I7_GUITH: Predicted ERROR, probability : 0.9723
H2NVE1_PONAB: Predicted ERROR, probability : 0.5538
J9KWP6_ACYPI: Predicted CORRECT, probability : 0.1436
H0VTI3_CAVPO: Predicted CORRECT, probability : 0.4007
A8Y3D5_CAEBR: Predicted ERROR, probability : 0.5720
J9J485_9SPIT: Predicted ERROR, probability : 0.9917
K7FZ59_PELSI: Predicted CORRECT, probability : 0.1855
C1DZQ4_MICCC: Predicted ERROR, probability : 0.9216
A0A0P7VAX9_9TELE: Predicted ERROR, probability : 0.7504
A0BFX9_PARTE: Predicted ERROR, probability : 0.9998
[[912 676]
 [280 875]]
Recall = 0.7575757575757576
Specificity = 0.5743073047858942
